,com_code,Nom,population,forêt,K2,densité population,densité de foret,temperature,humidity,weather_description,code_dep
0,01053,Bourg-en-Bresse,43210,21602,"25,14374763",1719,859,"16,42",52,overcast clouds,01
1,01283,Oyonnax,22689,0,"37,65442949",603,0,16,70,overcast clouds,01
2,02408,Laon,24666,0,"52,96832945",466,0,"14,5",85,overcast clouds,02
3,02691,Saint-Quentin,54166,0,"27,45728748",1973,0,"14,4",90,overcast clouds,02
4,02722,Soissons,29367,0,"14,5011041",2025,0,"16,48",84,overcast clouds,02
5,03185,Montluçon,34378,42731,"21,74512153",1581,1965,"18,17",61,overcast clouds,03
6,03310,Vichy,26091,23450,"6,117210188",4265,3833,"17,03",50,overcast clouds,03
7,04112,Manosque,23572,1402427,"54,43606862",433,25763,"20,87",60,clear sky,04
8,05061,Gap,41935,7855412,"107,2681606",391,73232,"13,8",42,clear sky,05
9,06004,Antibes,76147,0,"25,64913712",2969,0,"20,5",54,clear sky,06
10,06027,Cagnes-sur-Mer,53034,3246,"17,39747061",3048,187,"21,23",55,clear sky,06
11,06029,Cannes,73990,4868103,"19,96015708",3707,243891,"21,87",48,clear sky,06
12,06030,Le Cannet,41969,0,"7,305519248",5745,0,"21,35",51,clear sky,06
13,06069,Grasse,49163,28194,"42,31180087",1162,666,"18,65",49,clear sky,06
14,06079,Mandelieu-la-Napoule,21828,26046,"30,49197785",716,854,"21,72",48,clear sky,06
15,06083,Menton,30843,1056480,"13,61259357",2266,77610,"19,78",64,clear sky,06
16,06085,Mougins,20109,120960,"24,78207335",811,4881,"20,82",50,clear sky,06
17,06088,Nice,351011,7017816,"70,7585135",4961,99180,13,75,clear sky,06
18,06123,Saint-Laurent-du-Var,31140,0,"8,938700476",3484,0,"20,81",55,clear sky,06
19,06155,Vallauris,28222,0,"12,51231083",2256,0,"20,61",52,clear sky,06
20,08105,Charleville-Mézières,47425,57893,"38,03893101",1247,1522,"11,56",87,overcast clouds,08
21,10387,Troyes,63883,2904,"15,06726794",4240,193,"18,03",59,clear sky,10
22,11069,Carcassonne,47345,800831,"61,37043066",771,13049,"18,53",53,clear sky,11
23,11262,Narbonne,57571,3201640,"164,3084543",350,19486,"19,82",40,few clouds,11
24,12145,Millau,22399,234048,"164,9632957",136,1419,"19,07",57,scattered clouds,12
25,12202,Rodez,26037,0,"11,01131509",2365,0,"17,82",45,clear sky,12
26,13001,Aix-en-Provence,150641,474042,"178,3764541",845,2658,"21,12",40,clear sky,13
27,13002,Allauch,21717,606424,"47,6360594",456,12730,"20,52",38,clear sky,13
28,13004,Arles,51121,2262045,"720,8566702",71,3138,"19,83",42,clear sky,13
29,13005,Aubagne,47747,283855,"51,73864664",923,5486,"21,45",38,clear sky,13
30,13028,La Ciotat,37356,0,"30,2217908",1236,0,"20,08",63,clear sky,13
31,13041,Gardanne,21510,7202,"25,74835578",835,280,"21,02",39,clear sky,13
32,13047,Istres,45246,162450,"108,8608319",416,1492,"21,4",40,clear sky,13
33,13054,Marignane,33222,7528,"22,31639654",1489,337,"21,04",43,clear sky,13
34,13055,Marseille,879238,238528700,"224,8768592",3910,1060708,"19,86",38,clear sky,13
35,13056,Martigues,49131,59508,"70,44866708",697,845,"21,57",42,clear sky,13
36,13063,Miramas,26806,0,"24,56351608",1091,0,"21,31",40,clear sky,13
37,13071,Les Pennes-Mirabeau,22393,0,"31,97739766",700,0,"20,89",40,clear sky,13
38,13103,Salon-de-Provence,45290,99138,"67,34986528",672,1472,"20,84",41,clear sky,13
39,13117,Vitrolles,35927,3871,"34,86009354",1031,111,"20,46",42,clear sky,13
40,14118,Caen,110357,0,"30,06047238",3671,0,"18,12",72,overcast clouds,14
41,14327,Hérouville-Saint-Clair,22465,0,"12,47241213",1801,0,"18,34",72,overcast clouds,14
42,14366,Lisieux,20393,0,"15,23850442",1338,0,"16,12",86,overcast clouds,14
43,15014,Aurillac,27106,2298494,"29,1070332",931,78967,"17,49",36,overcast clouds,15
44,16015,Angoulême,42715,0,"22,22219891",1922,0,"18,17",70,scattered clouds,16
45,17299,Rochefort,23726,1923,"22,79494563",1041,84,"15,02",85,overcast clouds,17
46,17300,La Rochelle,80610,0,"33,00854104",2442,0,"16,09",79,broken clouds,17
47,17415,Saintes,26906,0,"47,18873216",570,0,"17,54",84,overcast clouds,17
48,18033,Bourges,65723,260910,"73,96973601",889,3527,"18,77",78,overcast clouds,18
49,18279,Vierzon,25808,3277565,"81,24264418",318,40343,"18,75",77,overcast clouds,18
50,19031,Brive-la-Gaillarde,47845,0,"48,78070868",981,0,"21,02",17,broken clouds,19
51,21054,Beaune,20694,846546,"33,57610968",616,25213,"14,8",76,overcast clouds,21
52,21231,Dijon,162650,227814,"45,38766886",3584,5019,"16,85",39,clear sky,21
53,22113,Lannion,21154,0,"55,00656857",385,0,"18,89",52,clear sky,22
54,22278,Saint-Brieuc,45614,8284,"22,13261265",2061,374,"17,82",72,broken clouds,22
55,24037,Bergerac,27073,10860,"56,38179435",480,193,"20,19",60,few clouds,24
56,24322,Périgueux,31061,0,"10,21043366",3042,0,"20,09",62,broken clouds,24
57,25056,Besançon,122463,235095,"70,79440938",1730,3321,"15,42",73,overcast clouds,25
58,25388,Montbéliard,26098,84162,"16,47554466",1584,5108,"16,13",75,overcast clouds,25
59,26058,Bourg-lès-Valence,20120,296020,"20,19252753",996,14660,"16,85",56,clear sky,26
60,26198,Montélimar,41525,144636,"45,69039646",909,3166,"17,62",61,broken clouds,26
61,26281,Romans-sur-Isère,33583,196640,"33,52383491",1002,5866,"16,49",57,clear sky,26
62,26362,Valence,65728,82110,"36,7422104",1789,2235,"19,01",45,clear sky,26
63,27229,Évreux,48565,3729,"30,60543359",1587,122,"19,44",63,overcast clouds,27
64,27681,Vernon,25137,22550,"39,91548571",630,565,"7,93",62,overcast clouds,27
65,28085,Chartres,39447,0,"19,26693077",2047,0,"16,92",79,overcast clouds,28
66,28134,Dreux,31362,0,"27,91855955",1123,0,"17,1",85,overcast clouds,28
67,29019,Brest,142234,0,"55,74498921",2552,0,"12,37",53,clear sky,29
68,29039,Concarneau,21469,0,"45,69728924",470,0,"16,44",76,broken clouds,29
69,29232,Quimper,65875,0,"94,35290821",698,0,"17,32",67,clear sky,29
70,2A004,Ajaccio,74632,187929,"74,79744373",998,2513,"14,99",68,clear sky,2A
71,2B033,Bastia,49376,35945,"18,3092563",2697,1963,"19,14",61,clear sky,2B
72,30007,Alès,44455,0,"22,52710693",1973,0,"18,6",60,broken clouds,30
73,30189,Nîmes,150335,120972,"155,0428317",970,780,"17,98",42,clear sky,30
74,31069,Blagnac,26956,8526,"16,43872834",1640,519,"19,08",48,clear sky,31
75,31149,Colomiers,40627,13696,"20,110222",2020,681,"18,86",48,clear sky,31
76,31157,Cugnaux,20601,0,"12,38544151",1663,0,"18,97",48,clear sky,31
77,31395,Muret,25628,6150,"55,29724751",463,111,"17,39",55,broken clouds,31
78,31424,Plaisance-du-Touch,20320,0,"25,43701453",799,0,"18,62",48,clear sky,31
79,31555,Toulouse,509200,136692,"112,6117326",4522,1214,"18,9",48,clear sky,31
80,31557,Tournefeuille,30029,21042,"17,37474777",1728,1211,"18,59",48,clear sky,31
81,32013,Auch,24115,6540,"70,07768174",344,93,"17,63",69,scattered clouds,32
82,33039,Bègles,31161,32310,"10,84191745",2874,2980,"20,31",66,few clouds,33
83,33063,Bordeaux,265255,443232,"49,53226284",5355,8948,"19,15",63,few clouds,33
84,33069,Le Bouscat,24640,0,"5,251534709",4692,0,"19,22",59,few clouds,33
85,33075,Bruges,20437,95214,"14,18570997",1441,6712,"14,57",80,overcast clouds,33
86,33119,Cenon,27014,0,"5,703831867",4736,0,"19,22",59,few clouds,33
87,33162,Eysines,24691,0,"12,00024288",2058,0,"19,13",59,few clouds,33
88,33192,Gradignan,26190,0,"15,6247133",1676,0,"19,74",63,few clouds,33
89,33199,Gujan-Mestras,22854,0,"49,52166406",461,0,"18,1",63,clear sky,33
90,33243,Libourne,25063,0,"20,62571371",1215,0,"20,32",75,broken clouds,33
91,33249,Lormont,23652,1891,"7,769589953",3044,243,19,59,few clouds,33
92,33281,Mérignac,76532,407514,"47,60954515",1607,8560,"19,09",59,few clouds,33
93,33318,Pessac,67522,0,"38,36735544",1760,0,"19,57",64,few clouds,33
94,33449,Saint-Médard-en-Jalles,33062,120780,"84,69622983",390,1426,"19,12",59,few clouds,33
95,33522,Talence,46278,0,"8,246602151",5612,0,"20,21",66,few clouds,33
96,33529,La Teste-de-Buch,26923,0,"175,5774415",153,0,"18,12",63,clear sky,33
97,33550,Villenave-d'Ornon,40776,138606,"21,13217345",1930,6559,"20,3",66,few clouds,33
98,34003,Agde,29504,10128,"47,94235169",615,211,"22,96",35,clear sky,34
99,34032,Béziers,81456,69224,"90,46585581",900,765,"20,47",41,few clouds,34
100,34057,Castelnau-le-Lez,25320,2087,"10,60286707",2388,197,"19,73",45,clear sky,34
101,34108,Frontignan,24040,12406,"37,76611554",637,328,"20,97",44,broken clouds,34
102,34145,Lunel,26470,0,"23,19605586",1141,0,"20,95",46,clear sky,34
103,34172,Montpellier,305743,48978,"54,46339121",5614,899,"20,71",46,clear sky,34
104,34301,Sète,45286,47268,"39,57914555",1144,1194,"20,92",45,broken clouds,34
105,35047,Bruz,20118,0,"33,28825196",604,0,"18,97",63,clear sky,35
106,35115,Fougères,21247,0,"11,78051478",1804,0,"18,34",85,overcast clouds,35
107,35238,Rennes,229178,19876,"56,53140706",4054,352,"18,8",63,clear sky,35
108,35288,Saint-Malo,48609,0,"41,75115106",1164,0,"19,01",68,overcast clouds,35
109,36044,Châteauroux,44560,0,"27,20516104",1638,0,"18,96",63,few clouds,36
110,37122,Joué-lès-Tours,38592,0,"35,29086786",1094,0,"18,19",72,clear sky,37
111,37261,Tours,140116,0,"36,49917034",3839,0,"18,03",72,clear sky,37
112,38053,Bourgoin-Jallieu,30195,34245,"25,21530556",1197,1358,"16,39",60,broken clouds,38
113,38151,Échirolles,37048,2048,"7,886171613",4698,260,"15,8",73,scattered clouds,38
114,38169,Fontaine,23134,3956,"6,751874095",3426,586,"16,16",65,scattered clouds,38
115,38185,Grenoble,159738,1332120,"18,7003371",8542,71235,"8,17",72,scattered clouds,38
116,38421,Saint-Martin-d'Hères,38708,16792,"9,523021839",4065,1763,"16,25",73,scattered clouds,38
117,38544,Vienne,31422,0,"23,05949099",1363,0,"18,56",47,clear sky,38
118,38563,Voiron,21418,238620,"22,37960153",957,10662,"16,55",61,broken clouds,38
119,39198,Dole,24602,390524,"41,15196515",598,9490,"17,77",42,overcast clouds,39
120,40088,Dax,22169,0,"18,89148725",1173,0,"20,15",74,scattered clouds,40
121,40192,Mont-de-Marsan,32058,347758,"35,21884203",910,9874,"19,47",63,few clouds,40
122,41018,Blois,48270,0,"41,31387178",1168,0,"18,58",75,overcast clouds,41
123,42187,Roanne,35492,9096,"16,70568316",2125,544,"17,02",70,broken clouds,42
124,42207,Saint-Chamond,35421,45872,"56,10215075",631,818,"16,02",44,clear sky,42
125,42218,Saint-Étienne,174499,163625,"81,31959807",2146,2012,"13,5",40,broken clouds,42
126,44020,Bouguenais,20732,0,"33,77382292",614,0,"19,04",63,clear sky,44
127,44026,Carquefou,21029,0,"47,19661882",446,0,"18,99",64,clear sky,44
128,44035,La Chapelle-sur-Erdre,20813,0,"36,36630632",572,0,"18,87",64,clear sky,44
129,44047,Couëron,23329,0,"52,95580796",441,0,"18,95",63,clear sky,44
130,44109,Nantes,328144,31970,"71,43585962",4594,448,"18,94",55,clear sky,44
131,44114,Orvault,28545,0,"30,22523896",944,0,"18,89",64,clear sky,44
132,44143,Rezé,43720,0,"16,8477483",2595,0,"18,97",63,clear sky,44
133,44162,Saint-Herblain,50253,0,"32,50323881",1546,0,"18,92",63,clear sky,44
134,44184,Saint-Nazaire,73760,22680,"54,42423277",1355,417,"15,79",79,clear sky,44
135,44190,Saint-Sébastien-sur-Loire,28937,0,"12,73249479",2273,0,"19,06",63,clear sky,44
136,44215,Vertou,26502,126600,"41,24362878",643,3070,"18,99",63,clear sky,44
137,45147,Fleury-les-Aubrais,21680,0,"11,34121451",1912,0,"18,02",72,clear sky,45
138,45232,Olivet,23370,0,"25,93402109",901,0,"18,27",72,clear sky,45
139,45234,Orléans,119065,0,"30,69808217",3879,0,"18,17",68,few clouds,45
140,45284,Saint-Jean-de-Braye,22312,12012,"15,30571659",1458,785,"18,06",72,clear sky,45
141,46042,Cahors,21045,0,"63,67458789",331,0,"16,58",71,broken clouds,46
142,47001,Agen,33299,27797,"11,22022819",2968,2477,"20,05",52,few clouds,47
143,47323,Villeneuve-sur-Lot,22343,0,"79,64458701",281,0,"19,03",73,overcast clouds,47
144,49007,Angers,160436,0,"48,53749937",3305,0,"20,99",44,overcast clouds,49
145,49023,Beaupréau-en-Mauges,24355,0,"251,1255264",97,0,"18,64",80,overcast clouds,49
146,49092,Chemillé-en-Anjou,22009,0,"348,1530956",63,0,"20,52",79,overcast clouds,49
147,49099,Cholet,55882,7434,"94,31945022",592,79,"18,58",80,overcast clouds,49
148,49301,Sèvremoine,26419,23302,"231,8132679",114,101,"18,51",80,overcast clouds,49
149,49328,Saumur,27113,11764,"72,33170058",375,163,"20,62",47,broken clouds,49
150,50129,Cherbourg-en-Cotentin,80020,0,"81,792789",978,0,"14,84",88,overcast clouds,50
151,50502,Saint-Lô,20181,0,"27,14820843",743,0,"18,24",80,overcast clouds,50
152,51108,Châlons-en-Champagne,44928,408292,"30,21678857",1487,13512,"16,48",72,broken clouds,51
153,51230,Épernay,22485,0,"26,5787751",846,0,"16,86",75,overcast clouds,51
154,51454,Reims,182220,0,"54,98171389",3314,0,"16,88",72,overcast clouds,51
155,52121,Chaumont,22869,150946,"61,8955418",369,2439,"14,28",77,overcast clouds,52
156,52448,Saint-Dizier,23500,10800,"55,72693601",422,194,"16,78",79,broken clouds,52
157,53130,Laval,52179,0,"38,37463969",1360,0,"11,68",88,light rain,53
158,54395,Nancy,105753,178486,"17,1472501",6167,10409,"16,89",45,clear sky,54
159,54547,Vanduvre-lès-Nancy,29829,0,"10,70728354",2786,0,"17,29",45,clear sky,54
160,56098,Lanester,23530,0,"18,00173123",1307,0,"16,08",74,clear sky,56
161,56121,Lorient,59317,0,"16,40416254",3616,0,"16,12",75,clear sky,56
162,56260,Vannes,56366,0,"36,21763508",1556,0,"17,34",73,broken clouds,56
163,57227,Forbach,21411,0,"19,22845633",1114,0,"16,53",39,clear sky,57
164,57463,Metz,122714,34006,"48,66023648",2522,699,"17,71",45,clear sky,57
165,57480,Montigny-lès-Metz,22173,0,"7,759086282",2858,0,"18,64",45,clear sky,57
166,57631,Sarreguemines,21080,692517,"34,93371936",603,19824,"16,06",66,overcast clouds,57
167,57672,Thionville,42914,0,"58,64895758",732,0,"16,78",70,overcast clouds,57
168,58194,Nevers,33825,0,"18,61551031",1817,0,"15,27",75,overcast clouds,58
169,59009,Villeneuve-d'Ascq,62700,0,"34,12858568",1837,0,"15,29",71,overcast clouds,59
170,59017,Armentières,25950,0,"7,700020802",3370,0,"15,04",71,overcast clouds,59
171,59122,Cambrai,31972,0,"22,05195634",1450,0,"14,73",95,overcast clouds,59
172,59155,Coudekerque-Branche,21012,0,"11,54852869",1819,0,"14,96",51,overcast clouds,59
173,59163,Croix,21016,32450,"5,592322141",3758,5803,"15,27",72,overcast clouds,59
174,59172,Denain,20758,0,"14,16390611",1466,0,"15,11",90,overcast clouds,59
175,59178,Douai,40474,0,"20,77659127",1948,0,"14,96",88,overcast clouds,59
176,59183,Dunkerque,88024,0,"54,03646243",1629,0,"14,78",85,overcast clouds,59
177,59271,Grande-Synthe,20528,3961,"26,46233266",776,150,"14,96",41,overcast clouds,59
178,59279,Halluin,20964,0,"15,66944165",1338,0,"15,31",81,overcast clouds,59
179,59295,Hazebrouck,21899,0,"34,13903235",641,0,"14,73",86,overcast clouds,59
180,59328,Lambersart,27563,0,"7,492917466",3679,0,"15,34",72,overcast clouds,59
181,59350,Lille,238542,0,"43,29250994",5510,0,"15,34",71,overcast clouds,59
182,59360,Loos,23271,0,"8,542107568",2724,0,"15,04",69,overcast clouds,59
183,59368,La Madeleine,22665,0,"3,366365221",6733,0,"15,31",72,overcast clouds,59
184,59378,Marcq-en-Barul,40044,0,"17,29135869",2316,0,"15,38",72,overcast clouds,59
185,59392,Maubeuge,29344,0,"23,1737676",1266,0,"14,18",30,overcast clouds,59
186,59410,Mons-en-Barul,21600,0,"3,587099953",6022,0,"15,27",72,overcast clouds,59
187,59512,Roubaix,99314,0,"16,36563178",6068,0,"15,29",74,overcast clouds,59
188,59599,Tourcoing,99679,0,"18,88183984",5279,0,"15,27",74,overcast clouds,59
189,59606,Valenciennes,43467,0,"17,01411091",2555,0,"15,12",90,overcast clouds,59
190,59646,Wasquehal,21062,0,"8,532707737",2468,0,"15,3",72,overcast clouds,59
191,59650,Wattrelos,41024,0,"16,81936974",2439,0,"15,31",75,overcast clouds,59
192,60057,Beauvais,58117,0,"39,0365561",1489,0,"17,11",77,overcast clouds,60
193,60159,Compiègne,41418,28845840,"62,64346728",661,460476,"16,76",81,overcast clouds,60
194,60175,Creil,36364,0,"12,96081033",2806,0,"17,2",83,overcast clouds,60
195,60463,Nogent-sur-Oise,21731,0,"8,699695086",2498,0,"17,33",83,overcast clouds,60
196,61001,Alençon,26317,0,"12,26007691",2147,0,"16,77",80,overcast clouds,61
197,62041,Arras,43371,0,"14,58556818",2974,0,"14,59",88,overcast clouds,62
198,62119,Béthune,25303,0,"11,75564004",2152,0,"14,83",87,overcast clouds,62
199,62160,Boulogne-sur-Mer,41310,0,"9,654045692",4279,0,"11,88",95,overcast clouds,62
200,62178,Bruay-la-Buissière,22190,0,"20,2213395",1097,0,"14,42",87,overcast clouds,62
201,62193,Calais,68002,4432,"41,91737089",1622,106,"15,03",95,overcast clouds,62
202,62427,Hénin-Beaumont,26396,0,"25,4819245",1036,0,"14,95",76,overcast clouds,62
203,62498,Lens,32820,0,"14,37265642",2284,0,"14,97",71,overcast clouds,62
204,62510,Liévin,30497,0,"15,83544468",1926,0,"14,78",79,overcast clouds,62
205,63113,Clermont-Ferrand,149830,1667820,"44,33767208",3379,37616,"13,63",39,clear sky,63
206,63124,Cournon-d'Auvergne,20549,0,"19,46002704",1056,0,"16,73",39,clear sky,63
207,64024,Anglet,42228,697320,"26,23790777",1609,26577,"16,17",63,few clouds,64
208,64102,Bayonne,54029,7504,"24,53085652",2202,306,"15,68",59,clear sky,64
209,64122,Biarritz,26435,5270,"11,71443159",2257,450,"16,16",59,clear sky,64
210,64445,Pau,78375,1154010,"29,79150736",2631,38736,"19,39",48,clear sky,64
211,65440,Tarbes,44941,0,"14,47794421",3104,0,"18,26",48,clear sky,65
212,66136,Perpignan,121139,19254,"63,11420434",1919,305,"20,86",33,clear sky,66
213,67180,Haguenau,36273,67103397,"211,7368907",171,316919,"17,68",56,overcast clouds,67
214,67218,Illkirch-Graffenstaden,27642,323907,"25,34112079",1091,12782,"17,88",36,clear sky,67
215,67267,Lingolsheim,20410,0,"6,489612694",3145,0,"17,07",50,overcast clouds,67
216,67447,Schiltigheim,34352,0,"8,760561241",3921,0,"17,24",52,overcast clouds,67
217,67482,Strasbourg,294229,3373110,"89,18533758",3299,37821,"17,68",36,clear sky,67
218,68066,Colmar,68766,38345615,"74,5895197",922,514089,"17,96",34,clear sky,68
219,68224,Mulhouse,107562,3405,"24,76935481",4343,137,"16,3",41,overcast clouds,68
220,68297,Saint-Louis,22959,47601,"18,7138609",1227,2544,"42,8",8,clear sky,68
221,69029,Bron,43427,0,"10,54749468",4117,0,"17,09",52,clear sky,69
222,69034,Caluire-et-Cuire,44171,0,"10,72375179",4119,0,"17,05",45,clear sky,69
223,69091,Givors,20768,20645,"17,8269073",1165,1158,"17,21",40,broken clouds,69
224,69123,Lyon,528550,420225,"49,28617836",10724,8526,"14,96",47,broken clouds,69
225,69149,Oullins,27385,0,"4,488354306",6101,0,"17,19",47,clear sky,69
226,69202,Sainte-Foy-lès-Lyon,22241,1728,"7,039756709",3159,245,"16,44",47,clear sky,69
227,69204,Saint-Genis-Laval,21400,0,"13,24026536",1616,0,"16,86",47,clear sky,69
228,69244,Tassin-la-Demi-Lune,23017,0,"8,162250237",2820,0,"17,02",46,clear sky,69
229,69256,Vaulx-en-Velin,52343,257163,"21,58666756",2425,11913,"17,28",52,clear sky,69
230,69259,Vénissieux,66575,13028,"15,77413075",4221,826,"17,19",53,clear sky,69
231,69264,Villefranche-sur-Saône,36349,11140,"9,812342856",3704,1135,"15,73",48,broken clouds,69
232,69266,Villeurbanne,157953,0,"15,29007397",10330,0,"17,63",51,clear sky,69
233,69275,Décines-Charpieu,29878,401376,"17,5234048",1705,22905,"17,19",52,clear sky,69
234,69282,Meyzieu,36228,138177,"24,23776276",1495,5701,"17,13",52,clear sky,69
235,69286,Rillieux-la-Pape,31548,0,"15,02265278",2100,0,"16,76",47,clear sky,69
236,69290,Saint-Priest,49100,2984363,"30,47518683",1611,97928,"17,48",52,clear sky,69
237,71076,Chalon-sur-Saône,46538,0,"16,32799675",2850,0,"13,5",77,broken clouds,71
238,71153,Le Creusot,20997,0,"19,35954492",1085,0,"17,04",74,overcast clouds,71
239,71270,Mâcon,35238,0,"28,45344306",1238,0,"18,25",66,overcast clouds,71
240,72181,Le Mans,147800,0,"58,84889012",2512,0,"21,96",43,clear sky,72
241,73008,Aix-les-Bains,32401,68712,"16,19684197",2000,4242,"17,13",57,clear sky,73
242,73011,Albertville,20385,38680,"17,77530991",1147,2176,"19,12",72,scattered clouds,73
243,73065,Chambéry,61411,650586,"21,67115763",2834,30021,"17,45",53,clear sky,73
244,74010,Annecy,134738,919857,"72,03188812",1871,12770,"17,03",48,clear sky,74
245,74012,Annemasse,38314,0,"5,176625636",7401,0,"17,01",42,clear sky,74
246,74281,Thonon-les-Bains,38094,45188,"17,24048788",2210,2621,"11,8",56,broken clouds,74
247,75056,Paris,2149216,612340,"121,5756332",17678,5037,"18,53",69,broken clouds,75
248,76217,Dieppe,28813,0,"14,67566989",1963,0,"16,12",83,overcast clouds,76
249,76322,Le Grand-Quevilly,26200,0,"13,01982609",2012,0,"18,51",68,overcast clouds,76
250,76351,Le Havre,167838,0,"67,93698762",2470,0,"13,51",94,overcast clouds,76
251,76451,Mont-Saint-Aignan,20481,0,"9,32220613",2197,0,"17,71",68,overcast clouds,76
252,76498,Le Petit-Quevilly,22056,0,"5,13967969",4291,0,"18,56",68,overcast clouds,76
253,76540,Rouen,115639,4452,"25,42837747",4548,175,"17,66",77,overcast clouds,76
254,76575,Saint-Étienne-du-Rouvray,28733,0,"21,4896811",1337,0,"18,83",68,overcast clouds,76
255,76681,Sotteville-lès-Rouen,29440,0,"8,730049518",3372,0,"18,69",68,overcast clouds,76
256,77058,Bussy-Saint-Georges,26902,9291,"17,58234027",1530,528,18,74,overcast clouds,77
257,77083,Champs-sur-Marne,25845,0,"8,980347571",2878,0,"18,13",74,overcast clouds,77
258,77108,Chelles,54605,0,"18,57328819",2940,0,"18,11",74,overcast clouds,77
259,77122,Combs-la-Ville,22389,0,"16,64040157",1345,0,"18,22",70,few clouds,77
260,77152,Dammarie-les-Lys,22976,0,"11,69093452",1965,0,"18,29",72,few clouds,77
261,77243,Lagny-sur-Marne,21384,0,"6,729026265",3178,0,18,74,overcast clouds,77
262,77284,Meaux,56063,0,"17,6282616",3180,0,"18,84",84,overcast clouds,77
263,77285,Le Mée-sur-Seine,20349,0,"6,356238352",3201,0,"18,29",72,few clouds,77
264,77288,Melun,42614,0,"9,145552939",4660,0,"18,98",63,overcast clouds,77
265,77294,Mitry-Mory,20721,0,"34,70468704",597,0,"18,04",81,overcast clouds,77
266,77305,Montereau-Fault-Yonne,22452,0,"10,28371011",2183,0,"18,25",81,overcast clouds,77
267,77350,Ozoir-la-Ferrière,20887,149188,"18,02292883",1159,8278,18,73,few clouds,77
268,77373,Pontault-Combault,38470,33572,"15,69863562",2451,2139,"18,79",63,broken clouds,77
269,77390,Roissy-en-Brie,23180,1269906,"15,79104299",1468,80419,"17,94",74,overcast clouds,77
270,77445,Savigny-le-Temple,30750,0,"13,78202549",2231,0,"18,23",72,few clouds,77
271,77468,Torcy,22566,0,"7,064038742",3194,0,"18,12",74,overcast clouds,77
272,77514,Villeparisis,26928,0,"9,597549775",2806,0,"18,15",80,overcast clouds,77
273,78005,Achères,21505,5446,"11,05175114",1946,493,"18,25",72,overcast clouds,78
274,78126,La Celle-Saint-Cloud,20878,0,"6,718146807",3108,0,"17,32",72,broken clouds,78
275,78146,Chatou,30135,0,"5,86051025",5142,0,"18,1",72,broken clouds,78
276,78158,Le Chesnay-Rocquencourt,31547,0,"4,963678783",6356,0,"17,52",71,broken clouds,78
277,78172,Conflans-Sainte-Honorine,36341,0,"11,5164561",3156,0,18,71,clear sky,78
278,78208,Élancourt,26319,0,"10,6847001",2463,0,"17,25",76,broken clouds,78
279,78297,Guyancourt,29891,168480,"15,25636793",1959,11043,"17,28",74,broken clouds,78
280,78311,Houilles,33770,0,"5,196192148",6499,0,"18,14",72,broken clouds,78
281,78358,Maisons-Laffitte,23548,0,"8,041746951",2928,0,"18,03",70,clear sky,78
282,78361,Mantes-la-Jolie,44724,0,"11,01193258",4061,0,"18,37",87,overcast clouds,78
283,78362,Mantes-la-Ville,21565,0,"7,238732775",2979,0,"17,88",74,overcast clouds,78
284,78423,Montigny-le-Bretonneux,32252,2423,"12,40009456",2601,195,"17,25",74,broken clouds,78
285,78440,Les Mureaux,34142,0,"14,3603208",2378,0,"18,14",71,clear sky,78
286,78490,Plaisir,31716,0,"20,30848726",1562,0,"17,52",75,broken clouds,78
287,78498,Poissy,40312,29104,"14,93589856",2699,1949,"18,1",72,clear sky,78
288,78517,Rambouillet,27344,15042781,"41,11814231",665,365843,"17,26",79,overcast clouds,78
289,78545,Saint-Cyr-l'École,21548,0,"5,87966662",3665,0,"17,44",73,broken clouds,78
290,78551,Saint-Germain-en-Laye,46104,653940,"57,20963888",806,11431,"17,8",72,broken clouds,78
291,78586,Sartrouville,51617,0,"9,784223473",5276,0,"17,98",70,broken clouds,78
292,78621,Trappes,33813,115560,"15,73711881",2149,7343,"17,23",75,broken clouds,78
293,78640,Vélizy-Villacoublay,22914,22158,"10,35623036",2213,2140,"17,22",70,broken clouds,78
294,78646,Versailles,85407,260784,"30,04118591",2843,8681,"17,45",70,broken clouds,78
295,79049,Bressuire,20837,0,"194,8835357",107,0,"16,85",83,overcast clouds,79
296,79191,Niort,61158,0,"71,80962083",852,0,"18,43",82,overcast clouds,79
297,80001,Abbeville,23001,0,"32,03553859",718,0,"15,46",89,overcast clouds,80
298,80021,Amiens,136265,0,"60,61681696",2248,0,"15,28",85,overcast clouds,80
299,81004,Albi,51317,12782,"43,39117697",1183,295,"18,59",75,broken clouds,81
300,81065,Castres,44061,0,"94,13638417",468,0,"18,08",50,clear sky,81
301,82121,Montauban,63382,7888,"131,5064308",482,60,"17,96",69,overcast clouds,82
302,83050,Draguignan,40638,1308480,"51,36197707",791,25476,"21,67",46,clear sky,83
303,83061,Fréjus,57937,2983995,"99,64184348",581,29947,"22,08",61,clear sky,83
304,83062,La Garde,26197,0,"14,82094273",1768,0,"19,79",52,clear sky,83
305,83069,Hyères,55990,10308675,"124,894636",448,82539,"20,22",45,clear sky,83
306,83118,Saint-Raphaël,36548,19457367,"86,37461029",423,225267,"24,65",36,clear sky,83
307,83126,La Seyne-sur-Mer,63494,0,"22,03791041",2881,0,"19,52",57,clear sky,83
308,83129,Six-Fours-les-Plages,36716,220904,"25,0598691",1465,8815,"19,22",57,clear sky,83
309,83137,Toulon,182244,683705,"41,33830246",4409,16539,"19,74",54,clear sky,83
310,83144,La Valette-du-Var,24200,0,"14,45394373",1674,0,"19,47",53,clear sky,83
311,84007,Avignon,91878,15142,"62,59116643",1468,242,"18,26",47,clear sky,84
312,84031,Carpentras,31459,13632,"36,63259695",859,372,"16,91",62,clear sky,84
313,84035,Cavaillon,26298,0,"44,15361085",596,0,"18,71",45,clear sky,84
314,84054,L'Isle-sur-la-Sorgue,20467,0,"43,02126662",476,0,"17,97",45,clear sky,84
315,84087,Orange,29545,6850,"72,2738311",409,95,"21,09",65,clear sky,84
316,84089,Pertuis,20289,0,"56,62606312",358,0,"21,31",52,clear sky,84
317,85047,Challans,23257,0,"70,02658973",332,0,"18,85",78,broken clouds,85
318,85146,Montaigu-Vendée,21241,0,"3,279069337",6478,0,"18,57",80,overcast clouds,85
319,85191,La Roche-sur-Yon,57824,0,"93,38957552",619,0,"17,15",82,overcast clouds,85
320,85194,Les Sables-d'Olonne,49766,0,"9,312851843",5344,0,"18,44",78,broken clouds,85
321,86066,Châtellerault,31989,0,"55,34913304",578,0,"19,21",77,overcast clouds,86
322,86194,Poitiers,92513,18678,"44,97416858",2057,415,"19,23",63,clear sky,86
323,87085,Limoges,131770,0,"82,21769535",1603,0,"16,31",67,overcast clouds,87
324,88160,Épinal,33633,352456,"66,90552259",503,5268,"14,75",67,overcast clouds,88
325,89024,Auxerre,35910,19548,"55,11515497",652,355,"14,93",78,overcast clouds,89
326,89387,Sens,27552,0,"24,62470216",1119,0,"14,56",85,overcast clouds,89
327,90010,Belfort,45907,40440,"18,97422841",2419,2131,"16,17",74,overcast clouds,90
328,91027,Athis-Mons,36527,0,"9,891355895",3693,0,"18,34",70,broken clouds,91
329,91103,Brétigny-sur-Orge,27469,14100,"16,70734516",1644,844,"18,01",71,broken clouds,91
330,91114,Brunoy,25840,0,"7,572730913",3412,0,"18,32",70,broken clouds,91
331,91161,Chilly-Mazarin,20053,0,"6,511807043",3079,0,"17,96",70,broken clouds,91
332,91174,Corbeil-Essonnes,52957,0,"12,61724077",4197,0,"18,25",70,few clouds,91
333,91201,Draveil,29413,166054,"18,26842032",1610,9090,"18,2",70,broken clouds,91
334,91223,Étampes,26721,0,"52,17511189",512,0,"17,99",78,overcast clouds,91
335,91228,Évry-Courcouronnes,66517,0,"9,791836383",6793,0,"18,23",69,broken clouds,91
336,91272,Gif-sur-Yvette,22913,19761,"13,62199283",1682,1451,"17,31",73,broken clouds,91
337,91286,Grigny,27337,6654,"5,749798312",4754,1157,"18,05",70,broken clouds,91
338,91345,Longjumeau,20750,0,"5,555049846",3735,0,"18,17",71,broken clouds,91
339,91377,Massy,51307,0,"10,78171666",4759,0,"17,84",70,broken clouds,91
340,91421,Montgeron,24074,182272,"12,81890372",1878,14219,"18,09",69,broken clouds,91
341,91434,Morsang-sur-Orge,20954,0,"5,004403147",4187,0,"18,22",70,broken clouds,91
342,91477,Palaiseau,35195,0,"13,43648661",2619,0,"17,84",71,broken clouds,91
343,91521,Ris-Orangis,30017,0,"9,596244516",3128,0,"18,11",69,broken clouds,91
344,91549,Sainte-Geneviève-des-Bois,36143,45810,"10,73350714",3367,4268,"17,98",71,broken clouds,91
345,91570,Saint-Michel-sur-Orge,21585,14910,"6,061628693",3561,2460,"18,06",71,broken clouds,91
346,91589,Savigny-sur-Orge,37631,33269,"8,05312817",4673,4131,"18,18",70,broken clouds,91
347,91657,Vigneux-sur-Seine,31181,0,"10,29438256",3029,0,"18,38",70,broken clouds,91
348,91687,Viry-Châtillon,31245,0,"7,047818893",4433,0,"18,3",70,broken clouds,91
349,91691,Yerres,28951,2554,"11,40529304",2538,224,"18,24",69,broken clouds,91
350,91692,Les Ulis,25375,0,"6,170728675",4112,0,"17,26",71,broken clouds,91
351,92002,Antony,63991,0,"11,04193403",5795,0,"18,08",70,broken clouds,92
352,92004,Asnières-sur-Seine,90359,0,"5,571762073",16217,0,"18,66",70,broken clouds,92
353,92007,Bagneux,43874,2079,"4,779565666",9179,435,"17,77",70,broken clouds,92
354,92009,Bois-Colombes,30029,0,"2,253798851",13324,0,"18,1",71,broken clouds,92
355,92012,Boulogne-Billancourt,120954,0,"7,084597779",17073,0,"18,15",70,broken clouds,92
356,92014,Bourg-la-Reine,21116,0,"2,145360956",9843,0,"18,07",70,broken clouds,92
357,92019,Châtenay-Malabry,35294,106536,"7,335430779",4811,14523,"17,61",70,broken clouds,92
358,92020,Châtillon,37068,11384,"3,380440268",10965,3368,"17,87",70,broken clouds,92
359,92022,Chaville,20284,7866,"4,08595354",4964,1925,"17,71",70,broken clouds,92
360,92023,Clamart,55019,172061,"10,09400278",5451,17046,18,68,broken clouds,92
361,92024,Clichy,65095,0,"3,558280484",18294,0,"18,15",70,broken clouds,92
362,92025,Colombes,89421,0,"9,036863139",9895,0,"18,08",71,broken clouds,92
363,92026,Courbevoie,82145,0,"4,826721443",17019,0,"18,09",70,broken clouds,92
364,92032,Fontenay-aux-Roses,24968,0,"2,916904112",8560,0,"17,73",70,broken clouds,92
365,92035,La Garenne-Colombes,30193,0,"2,030760244",14868,0,"18,04",71,broken clouds,92
366,92036,Gennevilliers,49647,0,"13,453898",3690,0,"18,74",70,broken clouds,92
367,92040,Issy-les-Moulineaux,69282,0,"4,886579694",14178,0,"17,97",71,broken clouds,92
368,92044,Levallois-Perret,68535,0,"2,795302353",24518,0,"18,17",71,broken clouds,92
369,92046,Malakoff,30470,0,"2,393530941",12730,0,"17,96",71,broken clouds,92
370,92048,Meudon,47015,247485,"11,43689107",4111,21639,"17,59",70,broken clouds,92
371,92049,Montrouge,47922,0,"2,382463872",20114,0,"17,95",71,broken clouds,92
372,92050,Nanterre,97995,0,"14,16695314",6917,0,"18,01",71,broken clouds,92
373,92051,Neuilly-sur-Seine,60259,0,"4,288900813",14050,0,"18,09",70,broken clouds,92
374,92060,Le Plessis-Robinson,29390,0,"3,948312378",7444,0,"17,56",70,broken clouds,92
375,92062,Puteaux,43921,0,"3,674874281",11952,0,"18,09",70,broken clouds,92
376,92063,Rueil-Malmaison,79580,115025,"16,7543669",4750,6865,"17,98",71,broken clouds,92
377,92064,Saint-Cloud,30252,0,"8,689780747",3481,0,"17,72",70,broken clouds,92
378,92071,Sceaux,20817,0,"4,156847759",5008,0,"17,9",70,broken clouds,92
379,92072,Sèvres,22949,326524,"4,564522106",5028,71535,"17,67",70,broken clouds,92
380,92073,Suresnes,49631,0,"4,382621564",11325,0,"18,18",70,broken clouds,92
381,92075,Vanves,28303,0,"1,766562007",16022,0,"18,23",70,broken clouds,92
382,92078,Villeneuve-la-Garenne,25436,0,"3,682858398",6907,0,"18,18",71,broken clouds,92
383,93001,Aubervilliers,90259,0,"6,702426517",13467,0,"18,91",62,scattered clouds,93
384,93005,Aulnay-sous-Bois,86522,0,"18,71546407",4623,0,"18,17",74,overcast clouds,93
385,93006,Bagnolet,39493,0,"2,958509141",13349,0,"17,93",70,broken clouds,93
386,93007,Le Blanc-Mesnil,58396,0,"9,408190049",6207,0,"18,16",72,overcast clouds,93
387,93008,Bobigny,55191,0,"7,811561776",7065,0,"18,14",72,overcast clouds,93
388,93010,Bondy,53067,0,"6,349489594",8358,0,"18,17",71,overcast clouds,93
389,93014,Clichy-sous-Bois,29806,0,"4,606787255",6470,0,"17,89",74,overcast clouds,93
390,93027,La Courneuve,47289,0,"8,676091716",5450,0,"18,17",71,overcast clouds,93
391,93029,Drancy,71619,0,"9,01691751",7943,0,"18,14",72,overcast clouds,93
392,93031,Épinay-sur-Seine,53637,0,"5,321720262",10079,0,"18,13",71,overcast clouds,93
393,93032,Gagny,40428,0,"8,033358338",5033,0,"19,12",61,scattered clouds,93
394,93045,Les Lilas,23589,0,"1,468559785",16063,0,"17,69",70,broken clouds,93
395,93046,Livry-Gargan,46218,0,"8,484239901",5448,0,"17,82",74,overcast clouds,93
396,93047,Montfermeil,28100,0,"6,265505335",4485,0,"17,82",74,overcast clouds,93
397,93048,Montreuil,112027,7443,"10,27741224",10900,724,"18,02",70,broken clouds,93
398,93049,Neuilly-Plaisance,21538,0,"3,966228325",5430,0,"18,12",69,broken clouds,93
399,93050,Neuilly-sur-Marne,37639,0,"8,082282223",4657,0,"18,38",69,broken clouds,93
400,93051,Noisy-le-Grand,70774,0,"15,03699982",4707,0,"18,11",74,overcast clouds,93
401,93053,Noisy-le-Sec,46229,0,"5,785485345",7991,0,"18,14",71,overcast clouds,93
402,93055,Pantin,60959,0,"5,823060251",10469,0,"18,12",70,broken clouds,93
403,93057,Les Pavillons-sous-Bois,24268,0,"3,35118633",7242,0,"18,05",71,overcast clouds,93
404,93059,Pierrefitte-sur-Seine,32426,0,"3,97315686",8161,0,"18,03",71,overcast clouds,93
405,93063,Romainville,33343,0,"4,001659687",8332,0,"17,72",70,broken clouds,93
406,93064,Rosny-sous-Bois,45857,0,"6,829125051",6715,0,"17,96",69,broken clouds,93
407,93066,Saint-Denis,114782,0,"14,36350075",7991,0,"18,3",71,broken clouds,93
408,93070,Saint-Ouen-sur-Seine,53320,0,"4,943995685",10785,0,"18,65",68,broken clouds,93
409,93071,Sevran,52002,0,"8,446065836",6157,0,"18,14",74,overcast clouds,93
410,93072,Stains,40443,0,"6,251914265",6469,0,"18,99",62,scattered clouds,93
411,93073,Tremblay-en-France,37464,0,"26,2832725",1425,0,"18,11",79,overcast clouds,93
412,93077,Villemomble,30514,0,"4,721100673",6463,0,"18,07",71,overcast clouds,93
413,93078,Villepinte,38798,0,"12,05395768",3219,0,"19,2",56,scattered clouds,93
414,94002,Alfortville,45195,0,"4,260647222",10608,0,"18,56",69,broken clouds,94
415,94003,Arcueil,21671,0,"2,712616675",7989,0,"18,38",70,broken clouds,94
416,94016,Cachan,30873,0,"3,192535156",9670,0,"18,07",70,broken clouds,94
417,94017,Champigny-sur-Marne,78031,0,"13,07316968",5969,0,"18,53",69,broken clouds,94
418,94018,Charenton-le-Pont,29628,0,"2,117634755",13991,0,"18,22",69,broken clouds,94
419,94021,Chevilly-Larue,20398,0,"4,855765001",4201,0,"17,98",70,broken clouds,94
420,94022,Choisy-le-Roi,46336,0,"6,218031343",7452,0,"18,35",69,broken clouds,94
421,94028,Créteil,93414,0,"13,1844534",7085,0,"18,33",69,broken clouds,94
422,94033,Fontenay-sous-Bois,52232,0,"6,430281951",8123,0,"18,04",69,broken clouds,94
423,94034,Fresnes,28904,1296,"4,069226678",7103,318,"18,13",70,broken clouds,94
424,94038,L'Haÿ-les-Roses,31603,0,"4,482026887",7051,0,"18,07",70,broken clouds,94
425,94041,Ivry-sur-Seine,64236,0,"7,067649571",9089,0,"18,61",67,broken clouds,94
426,94042,Joinville-le-Pont,20567,0,"2,577405164",7980,0,"18,3",69,broken clouds,94
427,94043,Le Kremlin-Bicêtre,24492,0,"1,761191788",13906,0,"18,11",70,broken clouds,94
428,94044,Limeil-Brévannes,28104,0,"8,014209432",3507,0,"18,21",69,broken clouds,94
429,94046,Maisons-Alfort,58355,0,"6,173006618",9453,0,"18,31",69,broken clouds,94
430,94052,Nogent-sur-Marne,33718,0,"3,239421762",10409,0,"18,02",69,broken clouds,94
431,94054,Orly,24657,0,"7,658790827",3219,0,"18,62",69,broken clouds,94
432,94058,Le Perreux-sur-Marne,34511,0,"4,583156365",7530,0,"18,18",69,broken clouds,94
433,94059,Le Plessis-Trévise,20327,0,"4,989042517",4074,0,"17,91",69,broken clouds,94
434,94067,Saint-Mandé,21377,5220,"1,040849676",20538,5015,"18,39",69,broken clouds,94
435,94068,Saint-Maur-des-Fossés,76303,0,"12,92202005",5905,0,"18,31",69,broken clouds,94
436,94071,Sucy-en-Brie,27926,207415,"11,94871753",2337,17359,"18,22",69,broken clouds,94
437,94073,Thiais,31300,0,"7,429963976",4213,0,"18,19",70,broken clouds,94
438,94076,Villejuif,57995,0,"6,127683604",9464,0,"18,18",69,broken clouds,94
439,94077,Villeneuve-le-Roi,21211,0,"9,735853913",2179,0,"18,32",70,broken clouds,94
440,94078,Villeneuve-Saint-Georges,35596,0,"9,282951541",3835,0,"18,39",69,broken clouds,94
441,94079,Villiers-sur-Marne,30818,0,"5,008392417",6153,0,"17,97",69,broken clouds,94
442,94080,Vincennes,49256,0,"2,210487552",22283,0,"18,14",70,broken clouds,94
443,94081,Vitry-sur-Seine,96706,0,"13,42420551",7204,0,"18,68",67,broken clouds,94
444,95018,Argenteuil,107667,0,"20,187643",5333,0,"18,28",72,broken clouds,95
445,95063,Bezons,32122,0,"4,835409422",6643,0,"18,11",72,broken clouds,95
446,95127,Cergy,68778,0,"16,85792299",4080,0,"18,22",71,overcast clouds,95
447,95176,Cormeilles-en-Parisis,26985,0,"9,860429618",2737,0,"17,81",71,clear sky,95
448,95197,Deuil-la-Barre,22705,0,"4,323227713",5252,0,"18,02",71,overcast clouds,95
449,95203,Eaubonne,25670,0,"5,100576171",5033,0,"17,97",72,overcast clouds,95
450,95219,Ermont,29205,0,"4,882266993",5982,0,"17,97",71,clear sky,95
451,95252,Franconville,37661,0,"7,229475903",5209,0,"17,9",68,clear sky,95
452,95268,Garges-lès-Gonesse,42924,0,"6,307780602",6805,0,"18,14",71,overcast clouds,95
453,95277,Gonesse,26077,0,"23,55235635",1107,0,"18,06",74,overcast clouds,95
454,95280,Goussainville,30834,0,"13,30886445",2317,0,"18,79",64,scattered clouds,95
455,95306,Herblay-sur-Seine,31873,0,"14,65961462",2174,0,"17,84",72,clear sky,95
456,95424,Montigny-lès-Cormeilles,22720,0,"4,694545107",4840,0,"17,83",72,clear sky,95
457,95428,Montmorency,22114,0,"6,064933734",3646,0,"17,85",72,overcast clouds,95
458,95500,Pontoise,31806,0,"8,34026524",3814,0,"17,88",72,clear sky,95
459,95555,Saint-Gratien,20983,0,"3,18758753",6583,0,"18,08",68,overcast clouds,95
460,95572,Saint-Ouen-l'Aumône,25130,0,"16,24662154",1547,0,"18,09",72,clear sky,95
461,95582,Sannois,27116,0,"5,494181601",4935,0,"17,78",72,overcast clouds,95
462,95585,Sarcelles,58664,0,"9,711780592",6040,0,"18,06",76,overcast clouds,95
463,95607,Taverny,27196,57204,"12,10675494",2246,4725,"17,79",72,clear sky,95
464,95680,Villiers-le-Bel,28954,0,"8,496823189",3408,0,"17,84",74,overcast clouds,95
