com_code;code postal;Nom;com pos;lat;lon;population;forêt;K2;densité popopulation;densité de foret;temperature;humidity;weather_description;market;nb_hop;log moy;log min;log max
01053;01000;Bourg-en-Bresse;01000-Bourg-en-Bresse;46,20515204;5,246021255;43210;21602;25,14374763;1719;859;16;52;overcast clouds;3;1;208357;1;1820000
01283;01100;Oyonnax;01100-Oyonnax;46,26054359;5,653443209;22689;0;37,65442949;603;0;16;70;overcast clouds;10;1;315783;1;3300000
02408;02000;Laon;02000-Laon;49,56797249;3,620895619;24666;0;52,96832945;466;0;15;85;overcast clouds;7;0;128603;1;2250000
02691;02100;Saint-Quentin;02100-Saint-Quentin;49,84723363;3,277694995;54166;0;27,45728748;1973;0;14;90;overcast clouds;12;2;157133;1;2190000
02722;02200;Soissons;02200-Soissons;49,3791743;3,324717585;29367;0;14,5011041;2025;0;16;84;overcast clouds;4;0;157856;1;1300000
03185;03100;Montluçon;03100-Montluçon;46,33858835;2,603904998;34378;42731;21,74512153;1581;1965;18;61;overcast clouds;14;0;128635;1;4100000
03310;03200;Vichy;03200-Vichy;46,13000514;3,424420812;26091;23450;6,117210188;4265;3833;17;50;overcast clouds;269;4;194185;1;2311021,5
04112;04100;Manosque;04100-Manosque;43,83540408;5,791066542;23572;1402427;54,43606862;433;25763;21;60;clear sky;44;1;176017;1;865000
05061;05000;Gap;05000-Gap;44,57986006;6,064860521;41935;7855412;107,2681606;391;73232;14;42;clear sky;18;0;288455;500;2962990
06004;06160;Antibes;06160-Antibes;43,58746515;7,106354183;76147;0;25,64913712;2969;0;21;54;clear sky;31;1;1937910;1;48000000
06027;06800;Cagnes-sur-Mer;06800-Cagnes-sur-Mer;43,67151621;7,152757034;53034;3246;17,39747061;3048;187;21;55;clear sky;3;0;1228444;1;12203090
06029;06150;Cannes;06150-Cannes;43,55262028;7,004275927;73990;4868103;19,96015708;3707;243891;22;48;clear sky;9;1;310230;100;1920000
06030;06110;Le Cannet;06110-Le Cannet;43,57297686;7,006420578;41969;0;7,305519248;5745;0;21;51;clear sky;1;0;410449;1;13480000
06069;06130;Grasse;06130-Grasse;43,65563943;6,931905082;49163;28194;42,31180087;1162;666;19;49;clear sky;6;0;527742;1;6950000
06079;06210;Mandelieu-la-Napoule;06210-Mandelieu-la-Napoule;43,53805105;6,918089365;21828;26046;30,49197785;716;854;22;48;clear sky;6;0;401872;3000;13662340
06083;06500;Menton;06500-Menton;43,79082337;7,493656124;30843;1056480;13,61259357;2266;77610;20;64;clear sky;1;0;288700;700;2600000
06085;06250;Mougins;06250-Mougins;43,59614106;7,001294449;20109;120960;24,78207335;811;4881;21;50;clear sky;10;0;1432703;1;24000000
06088;06000;Nice;06000-Nice;43,71199927;7,238268895;351011;7017816;70,7585135;4961;99180;13;75;clear sky;250;0;689529;1000;11822250
06123;06700;Saint-Laurent-du-Var;06700-Saint-Laurent-du-Var;43,68596258;7,182187918;31140;0;8,938700476;3484;0;21;55;clear sky;1;0;385985;1;2050000
06155;06220;Vallauris;06220-Vallauris;43,5766473;7,058366129;28222;0;12,51231083;2256;0;21;52;clear sky;2;0;520411;1;6627760
08105;08000;Charleville-Mézières;08000-Charleville-Mézières;49,77529658;4,71724656;47425;57893;38,03893101;1247;1522;12;87;overcast clouds;5;0;226841;1;6500000
10387;10000;Troyes;10000-Troyes;48,29670996;4,078279675;63883;2904;15,06726794;4240;193;18;59;clear sky;27;2;163511;1;1700000
11069;11000;Carcassonne;11000-Carcassonne;43,20937984;2,343988554;47345;800831;61,37043066;771;13049;19;53;clear sky;13;1;182616;1;1700000
11262;11100;Narbonne;11100-Narbonne;43,16523999;3,020238687;57571;3201640;164,3084543;350;19486;20;40;few clouds;15;0;221799;1;2159998
12145;12100;Millau;12100-Millau;44,09762522;3,117053841;22399;234048;164,9632957;136;1419;19;57;scattered clouds;17;1;220436;800;1800000
12202;12000;Rodez;12000-Rodez;44,35824263;2,567279389;26037;0;11,01131509;2365;0;18;45;clear sky;36;0;184826;1500;1350000
13001;13080;Aix-en-Provence;13080-Aix-en-Provence;43,53607084;5,398574446;150641;474042;178,3764541;845;2658;21;40;clear sky;26;2;953158;15000;3750000
13002;13190;Allauch;13190-Allauch;43,35331457;5,511347672;21717;606424;47,6360594;456;12730;21;38;clear sky;0;0;396771;1;1554000
13004;13104;Arles;13104-Arles;43,54686924;4,662156426;51121;2262045;720,8566702;71;3138;20;42;clear sky;46;1;144084;15000;288400
13005;13400;Aubagne;13400-Aubagne;43,29348438;5,563312735;47747;283855;51,73864664;923;5486;21;38;clear sky;20;0;472508;1;10500000
13028;13600;La Ciotat;13600-La Ciotat;43,19264109;5,613189558;37356;0;30,2217908;1236;0;20;63;clear sky;18;0;378375;2000;2400000
13041;13120;Gardanne;13120-Gardanne;43,45260632;5,479638603;21510;7202;25,74835578;835;280;21;39;clear sky;2;0;319263;1;1140200
13047;13118;Istres;13118-Istres;43,55026891;4,951181352;45246;162450;108,8608319;416;1492;21;40;clear sky;5;0;335612;13;720000
13054;13700;Marignane;13700-Marignane;43,41720684;5,212219045;33222;7528;22,31639654;1489;337;21;43;clear sky;8;0;602969;1;17242000
13055;13001;Marseille;13001-Marseille;43,29990094;5,382278698;879238;238528700;224,8768592;3910;1060708;20;38;clear sky;82;2;626524;1;12600000
13056;13117;Martigues;13117-Martigues;43,37989205;5,049454023;49131;59508;70,44866708;697;845;22;42;clear sky;2;0;256963;50000;360000
13063;13140;Miramas;13140-Miramas;43,58421341;5,013843486;26806;0;24,56351608;1091;0;21;40;clear sky;3;0;188554;1500;1127391,8
13071;13170;Les Pennes-Mirabeau;13170-Les Pennes-Mirabeau;43,40267912;5,315470941;22393;0;31,97739766;700;0;21;40;clear sky;5;0;379318;1;1740000
13103;13300;Salon-de-Provence;13300-Salon-de-Provence;43,64628852;5,068146496;45290;99138;67,34986528;672;1472;21;41;clear sky;4;1;240294;1000;1379000
13117;13127;Vitrolles;13127-Vitrolles;43,44978317;5,263577877;35927;3871;34,86009354;1031;111;20;42;clear sky;6;0;537057;1;7851950
14118;14000;Caen;14000-Caen;49,18479367;-0,369801713;110357;0;30,06047238;3671;0;18;72;overcast clouds;84;1;200718;1373,09;852000
14327;14200;Hérouville-Saint-Clair;14200-Hérouville-Saint-Clair;49,20735606;-0,331022626;22465;0;12,47241213;1801;0;18;72;overcast clouds;5;1;140250;1;400000
14366;14100;Lisieux;14100-Lisieux;49,14666285;0,23827484;20393;0;15,23850442;1338;0;16;86;overcast clouds;5;0;209611;53;625000
15014;15000;Aurillac;15000-Aurillac;44,92452337;2,441624538;27106;2298494;29,1070332;931;78967;17;36;overcast clouds;6;0;148600;1;2064000
16015;16000;Angoulême;16000-Angoulême;45,64725851;0,145144907;42715;0;22,22219891;1922;0;18;70;scattered clouds;22;0;239148;1;8000000
17299;17300;Rochefort;17300-Rochefort;45,94323445;-0,972356446;23726;1923;22,79494563;1041;84;15;85;overcast clouds;8;0;2096061;1;28370000
17300;17000;La Rochelle;17000-La Rochelle;46,1620644;-1,174657028;80610;0;33,00854104;2442;0;16;79;broken clouds;12;0;462751;100;5500000
17415;17100;Saintes;17100-Saintes;45,74223002;-0,649623036;26906;0;47,18873216;570;0;18;84;overcast clouds;19;0;208532;1;2600000
18033;18000;Bourges;18000-Bourges;47,0749572;2,404171376;65723;260910;73,96973601;889;3527;19;78;overcast clouds;22;0;139539;100;1200000
18279;18100;Vierzon;18100-Vierzon;47,23688361;2,079075705;25808;3277565;81,24264418;318;40343;19;77;overcast clouds;1;0;121073;1;1900000
19031;19100;Brive-la-Gaillarde;19100-Brive-la-Gaillarde;45,14358307;1,519368361;47845;0;48,78070868;981;0;21;17;broken clouds;5;0;173325;1;1500000
21054;21200;Beaune;21200-Beaune;47,02551894;4,83767986;20694;846546;33,57610968;616;25213;15;76;overcast clouds;6;0;446665;1;6954033
21231;21000;Dijon;21000-Dijon;47,3229438;5,037888059;162650;227814;45,38766886;3584;5019;17;39;clear sky;47;3;222346;1;3700000
22113;22300;Lannion;22300-Lannion;48,74334967;-3,461597997;21154;0;55,00656857;385;0;19;52;clear sky;78;0;160371;1;675000
22278;22000;Saint-Brieuc;22000-Saint-Brieuc;48,51498061;-2,761545528;45614;8284;22,13261265;2061;374;18;72;broken clouds;4;0;170230;1;890000
24037;24100;Bergerac;24100-Bergerac;44,85437519;0,486529423;27073;10860;56,38179435;480;193;20;60;few clouds;10;1;204500;500;1044471,75
24322;24000;Périgueux;24000-Périgueux;45,19187049;0,71182555;31061;0;10,21043366;3042;0;20;62;broken clouds;11;0;260331;1;11920052
25056;25000;Besançon;25000-Besançon;47,25538722;6,019486965;122463;235095;70,79440938;1730;3321;15;73;overcast clouds;20;1;1102732;1;1800000
25388;25200;Montbéliard;25200-Montbéliard;47,51551698;6,791481474;26098;84162;16,47554466;1584;5108;16;75;overcast clouds;3;0;211856;1;5880000
26058;26500;Bourg-lès-Valence;26500-Bourg-lès-Valence;44,96510942;4,894116364;20120;296020;20,19252753;996;14660;17;56;clear sky;0;0;253031;1;2000000
26198;26200;Montélimar;26200-Montélimar;44,55408457;4,748693878;41525;144636;45,69039646;909;3166;18;61;broken clouds;1;0;387673;1;13600000
26281;26100;Romans-sur-Isère;26100-Romans-sur-Isère;45,0547532;5,03797756;33583;196640;33,52383491;1002;5866;16;57;clear sky;0;0;203338;1;1800000
26362;26000;Valence;26000-Valence;44,92298117;4,914440131;65728;82110;36,7422104;1789;2235;19;45;clear sky;2;0;308262;1;31600000
27229;27000;Évreux;27000-Évreux;49,02015421;1,141644125;48565;3729;30,60543359;1587;122;19;63;overcast clouds;11;2;173388;1;1640000
27681;27200;Vernon;27200-Vernon;49,08797288;1,485012828;25137;22550;39,91548571;630;565;8;62;overcast clouds;8;1;242210;50;3520000
28085;28000;Chartres;28000-Chartres;48,44714649;1,505706106;39447;0;19,26693077;2047;0;17;79;overcast clouds;9;0;274954;1;5993100
28134;28100;Dreux;28100-Dreux;48,74852032;1,359318541;31362;0;27,91855955;1123;0;17;85;overcast clouds;36;0;343137;1;4100001
29019;29200;Brest;29200-Brest;48,40049978;-4,502790785;142234;0;55,74498921;2552;0;12;53;clear sky;78;1;226813;1;2940000
29039;29900;Concarneau;29900-Concarneau;47,896626;-3,907168718;21469;0;45,69728924;470;0;16;76;broken clouds;17;0;234919;1;656741
29232;29000;Quimper;29000-Quimper;47,99714252;-4,091119445;65875;0;94,35290821;698;0;17;67;clear sky;58;1;175517;100;830000
2A004;20000;Ajaccio;20000-Ajaccio;41,93479266;8,70132276;74632;187929;74,79744373;998;2513;15;68;clear sky;1;0;2277923;1000;20000000
2B033;20200;Bastia;20200-Bastia;42,68647688;9,425021333;49376;35945;18,3092563;2697;1963;19;61;clear sky;0;0;208338;1;1150000
30007;30100;Alès;30100-Alès;44,12500991;4,088285013;44455;0;22,52710693;1973;0;19;60;broken clouds;11;0;178736;1;929792,25
30189;30000;Nîmes;30000-Nîmes;43,84493839;4,34806797;150335;120972;155,0428317;970;780;18;42;clear sky;144;1;242964;160;4500000
31069;31700;Blagnac;31700-Blagnac;43,64218679;1,378869411;26956;8526;16,43872834;1640;519;19;48;clear sky;3;0;2098619;1;37250000
31149;31770;Colomiers;31770-Colomiers;43,61155151;1,327002184;40627;13696;20,110222;2020;681;19;48;clear sky;8;0;163774;1;680084
31157;31270;Cugnaux;31270-Cugnaux;43,54492112;1,342862238;20601;0;12,38544151;1663;0;19;48;clear sky;2;0;217793;1;805000
31395;31600;Muret;31600-Muret;43,44910778;1,307846794;25628;6150;55,29724751;463;111;17;55;broken clouds;3;0;256941;1;1696520,8
31424;31830;Plaisance-du-Touch;31830-Plaisance-du-Touch;43,55759164;1,285858118;20320;0;25,43701453;799;0;19;48;clear sky;3;0;274477;1;1200000
31555;31000;Toulouse;31000-Toulouse;43,59638143;1,431672934;509200;136692;112,6117326;4522;1214;19;48;clear sky;108;3;640605;1;54800000
31557;31170;Tournefeuille;31170-Tournefeuille;43,57819186;1,335006978;30029;21042;17,37474777;1728;1211;19;48;clear sky;5;0;364121;1;3463000
32013;32000;Auch;32000-Auch;43,65343004;0,57519025;24115;6540;70,07768174;344;93;18;69;scattered clouds;12;0;293483;1;1330500
33039;33130;Bègles;33130-Bègles;44,80160091;-0,547755768;31161;32310;10,84191745;2874;2980;20;66;few clouds;6;0;342053;1590;1947600
33063;33000;Bordeaux;33000-Bordeaux;44,85724454;-0,573696781;265255;443232;49,53226284;5355;8948;19;63;few clouds;54;3;723654;1;9660000
33069;33110;Le Bouscat;33110-Le Bouscat;44,86612983;-0,602121559;24640;0;5,251534709;4692;0;19;59;few clouds;5;0;553632;118;3000000
33075;33520;Bruges;33520-Bruges;44,88894694;-0,600427664;20437;95214;14,18570997;1441;6712;15;80;overcast clouds;3;0;372223;1;3881160
33119;33150;Cenon;33150-Cenon;44,85483257;-0,521018807;27014;0;5,703831867;4736;0;19;59;few clouds;5;0;226826;1201;980000
33162;33320;Eysines;33320-Eysines;44,87971524;-0,647899475;24691;0;12,00024288;2058;0;19;59;few clouds;10;0;460475;25;3050000
33192;33170;Gradignan;33170-Gradignan;44,77094112;-0,616137682;26190;0;15,6247133;1676;0;20;63;few clouds;12;0;549659;1;8846984
33199;33470;Gujan-Mestras;33470-Gujan-Mestras;44,59403612;-1,084274559;22854;0;49,52166406;461;0;18;63;clear sky;1;0;408764;1;3000000
33243;33500;Libourne;33500-Libourne;44,91307679;-0,234709332;25063;0;20,62571371;1215;0;20;75;broken clouds;14;1;444384;1;7112000
33249;33310;Lormont;33310-Lormont;44,87659726;-0,519774925;23652;1891;7,769589953;3044;243;19;59;few clouds;8;1;233691;2295;3100000
33281;33700;Mérignac;33700-Mérignac;44,83229533;-0,681733085;76532;407514;47,60954515;1607;8560;19;59;few clouds;45;0;452162;1;10700000
33318;33600;Pessac;33600-Pessac;44,79159905;-0,676303166;67522;0;38,36735544;1760;0;20;64;few clouds;22;0;739471;1;7386720
33449;33160;Saint-Médard-en-Jalles;33160-Saint-Médard-en-Jalles;44,88326208;-0,784239884;33062;120780;84,69622983;390;1426;19;59;few clouds;8;0;326834;1;4461397,5
33522;33400;Talence;33400-Talence;44,80608175;-0,591124593;46278;0;8,246602151;5612;0;20;66;few clouds;9;1;293917;1;1991800
33529;33115;La Teste-de-Buch;33115-La Teste-de-Buch;44,55618231;-1,175308268;26923;0;175,5774415;153;0;18;63;clear sky;5;0;2406644;140000;9800000
33550;33140;Villenave-d'Ornon;33140-Villenave-d'Ornon;44,77318522;-0,558212256;40776;138606;21,13217345;1930;6559;20;66;few clouds;15;0;341560;1;3200000
34003;34300;Agde;34300-Agde;43,30912912;3,484479031;29504;10128;47,94235169;615;211;23;35;clear sky;53;1;187564;1;3000000
34032;34500;Béziers;34500-Béziers;43,34758833;3,230767542;81456;69224;90,46585581;900;765;20;41;few clouds;31;4;208794;1;2940000
34057;34170;Castelnau-le-Lez;34170-Castelnau-le-Lez;43,63802188;3,91265416;25320;2087;10,60286707;2388;197;20;45;clear sky;10;1;396340;100;3000000
34108;34110;Frontignan;34110-Frontignan;43,44824589;3,749235224;24040;12406;37,76611554;637;328;21;44;broken clouds;1;0;255924;1;1300000
34145;34400;Lunel;34400-Lunel;43,68204818;4,135664723;26470;0;23,19605586;1141;0;21;46;clear sky;150;3;274598;1;3600000
34172;34000;Montpellier;34000-Montpellier;43,61344091;3,868516579;305743;48978;54,46339121;5614;899;21;46;clear sky;89;3;407226;1;5350000
34301;34200;Sète;34200-Sète;43,39177058;3,647051483;45286;47268;39,57914555;1144;1194;21;45;broken clouds;4;0;293998;1;1900000
35047;35170;Bruz;35170-Bruz;48,02617553;-1,748174809;20118;0;33,28825196;604;0;19;63;clear sky;2;0;290901;11;4200000
35115;35300;Fougères;35300-Fougères;48,35246971;-1,194311772;21247;0;11,78051478;1804;0;18;85;overcast clouds;3;0;162633;1;700000
35238;35000;Rennes;35000-Rennes;48,11197912;-1,681864491;229178;19876;56,53140706;4054;352;19;63;clear sky;124;3;365163;1;6711600
35288;35400;Saint-Malo;35400-Saint-Malo;48,64004435;-1,980606273;48609;0;41,75115106;1164;0;19;68;overcast clouds;18;0;668321;1;13975000
36044;36000;Châteauroux;36000-Châteauroux;46,80296178;1,69399812;44560;0;27,20516104;1638;0;19;63;few clouds;13;0;197616;1;5408400
37122;37300;Joué-lès-Tours;37300-Joué-lès-Tours;47,33355607;0,6545463;38592;0;35,29086786;1094;0;18;72;clear sky;5;0;202853;1;2600000
37261;37000;Tours;37000-Tours;47,39863823;0,696526376;140116;0;36,49917034;3839;0;18;72;clear sky;19;0;241568;1;1473976,6
38053;38300;Bourgoin-Jallieu;38300-Bourgoin-Jallieu;45,6022028;5,273937621;30195;34245;25,21530556;1197;1358;16;60;broken clouds;3;0;199948;1;947580
38151;38130;Échirolles;38130-Échirolles;45,14716472;5,715356002;37048;2048;7,886171613;4698;260;16;73;scattered clouds;36;0;207211;2000;1425000
38169;38600;Fontaine;38600-Fontaine;45,19305025;5,677630665;23134;3956;6,751874095;3426;586;16;65;scattered clouds;12;0;152814;10000;2150000
38185;38000;Grenoble;38000-Grenoble;45,18212152;5,721330518;159738;1332120;18,7003371;8542;71235;8;72;scattered clouds;116;1;213294;500;853250
38421;38400;Saint-Martin-d'Hères;38400-Saint-Martin-d'Hères;45,17620126;5,764763607;38708;16792;9,523021839;4065;1763;16;73;scattered clouds;47;2;133853;2000;265000
38544;38200;Vienne;38200-Vienne;45,52057837;4,881351562;31422;0;23,05949099;1363;0;19;47;clear sky;7;0;236098;1;742500
38563;38500;Voiron;38500-Voiron;45,37917208;5,582403107;21418;238620;22,37960153;957;10662;17;61;broken clouds;3;1;265774;500;1672660
39198;39100;Dole;39100-Dole;47,07554525;5,500624461;24602;390524;41,15196515;598;9490;18;42;overcast clouds;5;0;155154;1;498325,62
40088;40100;Dax;40100-Dax;43,7006747;-1,060144298;22169;0;18,89148725;1173;0;20;74;scattered clouds;6;2;215313;1;3051850
40192;40000;Mont-de-Marsan;40000-Mont-de-Marsan;43,8993614;-0,490722577;32058;347758;35,21884203;910;9874;19;63;few clouds;58;1;826994;150;5498756
41018;41000;Blois;41000-Blois;47,58170139;1,306255516;48270;0;41,31387178;1168;0;19;75;overcast clouds;80;1;384957;1;9088000
42187;42300;Roanne;42300-Roanne;46,04491125;4,079704565;35492;9096;16,70568316;2125;544;17;70;broken clouds;2;1;468303;1;18812396
42207;42400;Saint-Chamond;42400-Saint-Chamond;45,46983195;4,501849895;35421;45872;56,10215075;631;818;16;44;clear sky;13;2;160808;1;501420
42218;42000;Saint-Étienne;42000-Saint-Étienne;45,43012355;4,379139971;174499;163625;81,31959807;2146;2012;14;40;broken clouds;9;0;185375;1;6027000
44020;44340;Bouguenais;44340-Bouguenais;47,17090617;-1,617397529;20732;0;33,77382292;614;0;19;63;clear sky;1;0;574748;3;13000000
44026;44470;Carquefou;44470-Carquefou;47,30171918;-1,472772001;21029;0;47,19661882;446;0;19;64;clear sky;0;0;509121;1;21600000
44035;44240;La Chapelle-sur-Erdre;44240-La Chapelle-sur-Erdre;47,30356296;-1,560785967;20813;0;36,36630632;572;0;19;64;clear sky;2;0;428884;1;2100000
44047;44220;Couëron;44220-Couëron;47,2309985;-1,729290026;23329;0;52,95580796;441;0;19;63;clear sky;11;0;223205;75;839750
44109;44000;Nantes;44000-Nantes;47,23163568;-1,548310086;328144;31970;71,43585962;4594;448;19;55;clear sky;58;1;630782;500;7262390
44114;44700;Orvault;44700-Orvault;47,27398155;-1,623238985;28545;0;30,22523896;944;0;19;64;clear sky;18;0;6163237;1;20029876
44143;44400;Rezé;44400-Rezé;47,17623389;-1,549663999;43720;0;16,8477483;2595;0;19;63;clear sky;31;1;876390;76;8879122
44162;44800;Saint-Herblain;44800-Saint-Herblain;47,22437624;-1,634348187;50253;0;32,50323881;1546;0;19;63;clear sky;20;0;358115;1;9935000
44184;44600;Saint-Nazaire;44600-Saint-Nazaire;47,2802857;-2,253799272;73760;22680;54,42423277;1355;417;16;79;clear sky;1;1;396004;1;6430000
44190;44230;Saint-Sébastien-sur-Loire;44230-Saint-Sébastien-sur-Loire;47,20310248;-1,499204274;28937;0;12,73249479;2273;0;19;63;clear sky;5;0;240093;276;964000
44215;44120;Vertou;44120-Vertou;47,16037326;-1,470522917;26502;126600;41,24362878;643;3070;19;63;clear sky;3;0;360121;6;6189272
45147;45400;Fleury-les-Aubrais;45400-Fleury-les-Aubrais;47,93892662;1,919891157;21680;0;11,34121451;1912;0;18;72;clear sky;17;1;200072;1;1600000
45232;45160;Olivet;45160-Olivet;47,85469975;1,888238848;23370;0;25,93402109;901;0;18;72;clear sky;9;0;392951;1;3700000
45234;45000;Orléans;45000-Orléans;47,88286342;1,916103575;119065;0;30,69808217;3879;0;18;68;few clouds;73;1;255993;1;2400000
45284;45800;Saint-Jean-de-Braye;45800-Saint-Jean-de-Braye;47,91784976;1,972415702;22312;12012;15,30571659;1458;785;18;72;clear sky;10;0;203161;500;870000
46042;46000;Cahors;46000-Cahors;44,45073709;1,440758378;21045;0;63,67458789;331;0;17;71;broken clouds;4;0;251131;1;4000000
47001;47000;Agen;47000-Agen;44,20281391;0,625583929;33299;27797;11,22022819;2968;2477;20;52;few clouds;5;0;290734;6000;9430593
47323;47300;Villeneuve-sur-Lot;47300-Villeneuve-sur-Lot;44,42510929;0,742526168;22343;0;79,64458701;281;0;19;73;overcast clouds;3;0;178473;1;1768469,6
49007;49000;Angers;49000-Angers;47,47683742;-0,556125995;160436;0;48,53749937;3305;0;21;44;overcast clouds;30;3;241918;1;1650000
49023;49110;Beaupréau-en-Mauges;49110-Beaupréau-en-Mauges;47,21259845;-0,983619029;24355;0;251,1255264;97;0;19;80;overcast clouds;0;0;177227;78;1040000
49092;49120;Chemillé-en-Anjou;49120-Chemillé-en-Anjou;47,22722685;-0,73018816;22009;0;348,1530956;63;0;21;79;overcast clouds;1;0;121959;1;470000
49099;49300;Cholet;49300-Cholet;47,0454403;-0,87788619;55882;7434;94,31945022;592;79;19;80;overcast clouds;6;0;253033;1;2195076
49301;49230;Sèvremoine;49230-Sèvremoine;47,12565604;-0,998341815;26419;23302;231,8132679;114;101;19;80;overcast clouds;0;0;86738;1;333000
49328;49400;Saumur;49400-Saumur;47,26738535;-0,083041059;27113;11764;72,33170058;375;163;21;47;broken clouds;8;0;159577;1;1400000
50129;50100;Cherbourg-en-Cotentin;50100-Cherbourg-en-Cotentin;49,63341216;-1,633901602;80020;0;81,792789;978;0;15;88;overcast clouds;26;1;215393;1;670000
50502;50000;Saint-Lô;50000-Saint-Lô;49,10996242;-1,077556427;20181;0;27,14820843;743;0;18;80;overcast clouds;14;0;229461;1;2750000
51108;51000;Châlons-en-Champagne;51000-Châlons-en-Champagne;48,96408921;4,378835397;44928;408292;30,21678857;1487;13512;16;72;broken clouds;7;2;127720;200;539000
51230;51200;Épernay;51200-Épernay;49,03700069;3,931446262;22485;0;26,5787751;846;0;17;75;overcast clouds;4;0;205835;12000;1300000
51454;51100;Reims;51100-Reims;49,25149061;4,040230232;182220;0;54,98171389;3314;0;17;72;overcast clouds;25;0;354390;150;4900000
52121;52000;Chaumont;52000-Chaumont;48,09801442;5,140700446;22869;150946;61,8955418;369;2439;14;77;overcast clouds;6;1;163406;1;5900000
52448;52100;Saint-Dizier;52100-Saint-Dizier;48,62801007;4,949235236;23500;10800;55,72693601;422;194;17;79;broken clouds;46;1;122400;1;750000
53130;53000;Laval;53000-Laval;48,06085655;-0,766005687;52179;0;38,37463969;1360;0;12;88;light rain;16;0;194346;1;5446046,5
54395;54000;Nancy;54000-Nancy;48,69019955;6,175882544;105753;178486;17,1472501;6167;10409;17;45;clear sky;1;0;373803;1;22346400
54547;54500;Vandœuvre-lès-Nancy;54500-Vandœuvre-lès-Nancy;48,65799994;6,165312293;29829;0;10,70728354;2786;0;17;45;clear sky;0;0;268820;1;2980000
56098;56600;Lanester;56600-Lanester;47,76919243;-3,32648318;23530;0;18,00173123;1307;0;16;74;clear sky;7;0;271483;7000;1360000
56121;56100;Lorient;56100-Lorient;47,75004869;-3,378232009;59317;0;16,40416254;3616;0;16;75;clear sky;17;0;230933;1000;1300000
56260;56000;Vannes;56000-Vannes;47,65974938;-2,757143295;56366;0;36,21763508;1556;0;17;73;broken clouds;42;1;327249;1;5273858
57227;57600;Forbach;57600-Forbach;49,19126504;6,892757985;21411;0;19,22845633;1114;0;17;39;clear sky;2;1;0;0;0
57463;57000;Metz;57000-Metz;49,10811333;6,195524542;122714;34006;48,66023648;2522;699;18;45;clear sky;6;0;0;0;0
57480;57950;Montigny-lès-Metz;57950-Montigny-lès-Metz;49,09531991;6,154525995;22173;0;7,759086282;2858;0;19;45;clear sky;0;0;0;0;0
57631;57200;Sarreguemines;57200-Sarreguemines;49,10881441;7,069431007;21080;692517;34,93371936;603;19824;16;66;overcast clouds;6;1;0;0;0
57672;57100;Thionville;57100-Thionville;49,37597162;6,129283142;42914;0;58,64895758;732;0;17;70;overcast clouds;5;4;0;0;0
58194;58000;Nevers;58000-Nevers;46,98811949;3,15689131;33825;0;18,61551031;1817;0;15;75;overcast clouds;33;2;217883;200;3380700
59009;59491;Villeneuve-d'Ascq;59491-Villeneuve-d'Ascq;50,63243724;3,153525722;62700;0;34,12858568;1837;0;15;71;overcast clouds;62;0;255804;2000;1130400
59017;59280;Armentières;59280-Armentières;50,69137975;2,879715533;25950;0;7,700020802;3370;0;15;71;overcast clouds;4;0;254514;50;3921585,8
59122;59400;Cambrai;59400-Cambrai;50,1702776;3,242210211;31972;0;22,05195634;1450;0;15;95;overcast clouds;18;0;181603;1290;1600000
59155;59210;Coudekerque-Branche;59210-Coudekerque-Branche;51,01795413;2,395808326;21012;0;11,54852869;1819;0;15;51;overcast clouds;2;0;156266;2000;350000
59163;59170;Croix;59170-Croix;50,674069;3,154640417;21016;32450;5,592322141;3758;5803;15;72;overcast clouds;6;0;300119;1;2257000
59172;59220;Denain;59220-Denain;50,32996607;3,389862336;20758;0;14,16390611;1466;0;15;90;overcast clouds;3;1;178796;1,2;2090000
59178;59500;Douai;59500-Douai;50,38231953;3,091456831;40474;0;20,77659127;1948;0;15;88;overcast clouds;33;0;542415;1;18865306
59183;59140;Dunkerque;59140-Dunkerque;51,03072291;2,337524141;88024;0;54,03646243;1629;0;15;85;overcast clouds;12;1;444211;2300;4315001
59271;59760;Grande-Synthe;59760-Grande-Synthe;51,01678746;2,290711434;20528;3961;26,46233266;776;150;15;41;overcast clouds;5;0;284497;6000;3399286
59279;59250;Halluin;59250-Halluin;50,77474803;3,126924744;20964;0;15,66944165;1338;0;15;81;overcast clouds;1;0;664359;1000;1757500
59295;59190;Hazebrouck;59190-Hazebrouck;50,72629671;2,538643015;21899;0;34,13903235;641;0;15;86;overcast clouds;4;0;179807;2248,2;555000
59328;59130;Lambersart;59130-Lambersart;50,6522053;3,024911743;27563;0;7,492917466;3679;0;15;72;overcast clouds;4;0;320180;5000;2700000
59350;59000;Lille;59000-Lille;50,63171832;3,047832723;238542;0;43,29250994;5510;0;15;71;overcast clouds;17;4;302176;1;15000000
59360;59120;Loos;59120-Loos;50,60835037;3,020660965;23271;0;8,542107568;2724;0;15;69;overcast clouds;1;0;725704;1500;3031413
59368;59110;La Madeleine;59110-La Madeleine;50,65488831;3,069637225;22665;0;3,366365221;6733;0;15;72;overcast clouds;0;0;404270;6000;15750000
59378;59700;Marcq-en-Barœul;59700-Marcq-en-Barœul;50,67533486;3,100935838;40044;0;17,29135869;2316;0;15;72;overcast clouds;5;1;494228;1;8800000
59392;59600;Maubeuge;59600-Maubeuge;50,28363072;3,96328053;29344;0;23,1737676;1266;0;14;30;overcast clouds;4;0;221446;2;6599419
59410;59370;Mons-en-Barœul;59370-Mons-en-Barœul;50,64324787;3,108767788;21600;0;3,587099953;6022;0;15;72;overcast clouds;0;0;200182;3300;711390
59512;59100;Roubaix;59100-Roubaix;50,68797748;3,182584346;99314;0;16,36563178;6068;0;15;74;overcast clouds;14;3;448463;1;22108800
59599;59200;Tourcoing;59200-Tourcoing;50,72544189;3,158827572;99679;0;18,88183984;5279;0;15;74;overcast clouds;14;0;243261;1;22108800
59606;59300;Valenciennes;59300-Valenciennes;50,35886662;3,515676648;43467;0;17,01411091;2555;0;15;90;overcast clouds;6;0;190460;1;6500000
59646;59290;Wasquehal;59290-Wasquehal;50,67509848;3,128580171;21062;0;8,532707737;2468;0;15;72;overcast clouds;33;0;783082;288;8569729
59650;59150;Wattrelos;59150-Wattrelos;50,70563673;3,216282211;41024;0;16,81936974;2439;0;15;75;overcast clouds;4;1;215557;608;2969565,2
60057;60000;Beauvais;60000-Beauvais;49,43655233;2,086161237;58117;0;39,0365561;1489;0;17;77;overcast clouds;2;0;217282;1;1456453,5
60159;60200;Compiègne;60200-Compiègne;49,39906015;2,853172494;41418;28845840;62,64346728;661;460476;17;81;overcast clouds;3;0;235813;3;4270987
60175;60100;Creil;60100-Creil;49,25334871;2,484726694;36364;0;12,96081033;2806;0;17;83;overcast clouds;20;1;10044630;2000;46798900
60463;60180;Nogent-sur-Oise;60180-Nogent-sur-Oise;49,27615081;2,464171836;21731;0;8,699695086;2498;0;17;83;overcast clouds;24;0;188806;345;3254652
61001;61000;Alençon;61000-Alençon;48,43181931;0,091540692;26317;0;12,26007691;2147;0;17;80;overcast clouds;16;1;179232;1;1800000
62041;62000;Arras;62000-Arras;50,2898965;2,765873167;43371;0;14,58556818;2974;0;15;88;overcast clouds;5;0;289255;5000;4200000
62119;62400;Béthune;62400-Béthune;50,52889226;2,642423793;25303;0;11,75564004;2152;0;15;87;overcast clouds;13;0;174597;900;737800
62160;62200;Boulogne-sur-Mer;62200-Boulogne-sur-Mer;50,72713327;1,607563348;41310;0;9,654045692;4279;0;12;95;overcast clouds;10;1;154250;1;3708000
62178;62700;Bruay-la-Buissière;62700-Bruay-la-Buissière;50,49031678;2,55205338;22190;0;20,2213395;1097;0;14;87;overcast clouds;27;0;4350373;2500;30249760
62193;62100;Calais;62100-Calais;50,95020728;1,875755661;68002;4432;41,91737089;1622;106;15;95;overcast clouds;6;0;185229;1;4100000
62427;62110;Hénin-Beaumont;62110-Hénin-Beaumont;50,40923355;2,958997352;26396;0;25,4819245;1036;0;15;76;overcast clouds;29;1;161515;1;1250000
62498;62300;Lens;62300-Lens;50,43742641;2,821058513;32820;0;14,37265642;2284;0;15;71;overcast clouds;1;1;2028747;610;30249760
62510;62800;Liévin;62800-Liévin;50,42427825;2,772918854;30497;0;15,83544468;1926;0;15;79;overcast clouds;3;0;177526;1;1400000
63113;63000;Clermont-Ferrand;63000-Clermont-Ferrand;45,7856493;3,115545429;149830;1667820;44,33767208;3379;37616;14;39;clear sky;22;1;328771;1000;1968315,5
63124;63800;Cournon-d'Auvergne;63800-Cournon-d'Auvergne;45,742967;3,186875816;20549;0;19,46002704;1056;0;17;39;clear sky;29;0;190275;614;1312000
64024;64600;Anglet;64600-Anglet;43,49178466;-1,516233734;42228;697320;26,23790777;1609;26577;16;63;few clouds;7;1;530240;1;3340048
64102;64100;Bayonne;64100-Bayonne;43,4922254;-1,466076744;54029;7504;24,53085652;2202;306;16;59;clear sky;5;1;337299;1;5442318
64122;64200;Biarritz;64200-Biarritz;43,46958472;-1,553098575;26435;5270;11,71443159;2257;450;16;59;clear sky;6;0;799974;0,15;8500000
64445;64000;Pau;64000-Pau;43,32001898;-0,350337918;78375;1154010;29,79150736;2631;38736;19;48;clear sky;15;2;180557;1;4144669
65440;65000;Tarbes;65000-Tarbes;43,23478596;0,066009394;44941;0;14,47794421;3104;0;18;48;clear sky;3;0;161540;1;2966233,5
66136;66000;Perpignan;66000-Perpignan;42,69659541;2,89936954;121139;19254;63,11420434;1919;305;21;33;clear sky;16;1;155438;1;2700000
67180;67500;Haguenau;67500-Haguenau;48,84170477;7,83010405;36273;67103397;211,7368907;171;316919;18;56;overcast clouds;6;2;0;0;0
67218;67400;Illkirch-Graffenstaden;67400-Illkirch-Graffenstaden;48,5200499;7,731295881;27642;323907;25,34112079;1091;12782;18;36;clear sky;3;0;0;0;0
67267;67380;Lingolsheim;67380-Lingolsheim;48,55448759;7,680938407;20410;0;6,489612694;3145;0;17;50;overcast clouds;0;0;0;0;0
67447;67300;Schiltigheim;67300-Schiltigheim;48,61186603;7,744081993;34352;0;8,760561241;3921;0;17;52;overcast clouds;4;1;0;0;0
67482;67000;Strasbourg;67000-Strasbourg;48,57126798;7,767526795;294229;3373110;89,18533758;3299;37821;18;36;clear sky;26;9;0;0;0
68066;68000;Colmar;68000-Colmar;48,10994058;7,384686903;68766;38345615;74,5895197;922;514089;18;34;clear sky;2;0;0;0;0
68224;68100;Mulhouse;68100-Mulhouse;47,7491633;7,325700475;107562;3405;24,76935481;4343;137;16;41;overcast clouds;3;0;0;0;0
68297;68300;Saint-Louis;68300-Saint-Louis;47,60165534;7,540618727;22959;47601;18,7138609;1227;2544;43;8;clear sky;11;1;0;0;0
69029;69500;Bron;69500-Bron;45,73448569;4,911681595;43427;0;10,54749468;4117;0;17;52;clear sky;1;0;436837;1000;8050000
69034;69300;Caluire-et-Cuire;69300-Caluire-et-Cuire;45,79740536;4,851248571;44171;0;10,72375179;4119;0;17;45;clear sky;1;0;364747;1;3600000
69091;69700;Givors;69700-Givors;45,5816627;4,75726163;20768;20645;17,8269073;1165;1158;17;40;broken clouds;2;0;927710;500;6468462
69123;69001;Lyon;69001-Lyon;45,76992844;4,82922465;528550;420225;49,28617836;10724;8526;15;47;broken clouds;14;1;369871;1000;1467600
69149;69310;Oullins;69310-Oullins;45,71496655;4,802994538;27385;0;4,488354306;6101;0;17;47;clear sky;0;0;281667;1;1100000
69202;69110;Sainte-Foy-lès-Lyon;69110-Sainte-Foy-lès-Lyon;45,73597814;4,793431739;22241;1728;7,039756709;3159;245;16;47;clear sky;0;0;453723;1;1500000
69204;69230;Saint-Genis-Laval;69230-Saint-Genis-Laval;45,69367773;4,789190285;21400;0;13,24026536;1616;0;17;47;clear sky;0;0;406720;100;24400000
69244;69160;Tassin-la-Demi-Lune;69160-Tassin-la-Demi-Lune;45,76286818;4,755405955;23017;0;8,162250237;2820;0;17;46;clear sky;0;0;556698;123;4164797,8
69256;69120;Vaulx-en-Velin;69120-Vaulx-en-Velin;45,78588211;4,926377677;52343;257163;21,58666756;2425;11913;17;52;clear sky;0;0;247002;300;1775000
69259;69200;Vénissieux;69200-Vénissieux;45,70377288;4,881376682;66575;13028;15,77413075;4221;826;17;53;clear sky;1;0;359370;1;8200000
69264;69400;Villefranche-sur-Saône;69400-Villefranche-sur-Saône;45,98745967;4,731740073;36349;11140;9,812342856;3704;1135;16;48;broken clouds;4;0;429136;1;7000000
69266;69100;Villeurbanne;69100-Villeurbanne;45,77077042;4,888458174;157953;0;15,29007397;10330;0;18;51;clear sky;3;0;412641;1;49957404
69275;69150;Décines-Charpieu;69150-Décines-Charpieu;45,77172774;4,961427046;29878;401376;17,5234048;1705;22905;17;52;clear sky;2;2;1632821;900;26870470
69282;69330;Meyzieu;69330-Meyzieu;45,77708997;5,006326793;36228;138177;24,23776276;1495;5701;17;52;clear sky;1;0;340726;1;3241694
69286;69140;Rillieux-la-Pape;69140-Rillieux-la-Pape;45,82059881;4,898226398;31548;0;15,02265278;2100;0;17;47;clear sky;0;0;3737976;92,35;39207040
69290;69800;Saint-Priest;69800-Saint-Priest;45,70146656;4,948820717;49100;2984363;30,47518683;1611;97928;17;52;clear sky;2;0;458217;34;5213592,5
71076;71100;Chalon-sur-Saône;71100-Chalon-sur-Saône;46,79002888;4,85191555;46538;0;16,32799675;2850;0;14;77;broken clouds;4;0;147225;1;821000
71153;71200;Le Creusot;71200-Le Creusot;46,80685392;4,426423012;20997;0;19,35954492;1085;0;17;74;overcast clouds;4;0;117431;1;300000
71270;71000;Mâcon;71000-Mâcon;46,32055118;4,818425296;35238;0;28,45344306;1238;0;18;66;overcast clouds;3;0;181130;1,2;2765000
72181;72000;Le Mans;72000-Le Mans;47,98852567;0,200030494;147800;0;58,84889012;2512;0;22;43;clear sky;134;0;291317;1;19024038
73008;73100;Aix-les-Bains;73100-Aix-les-Bains;45,69785417;5,90388627;32401;68712;16,19684197;2000;4242;17;57;clear sky;2;0;386943;1;1899022,9
73011;73200;Albertville;73200-Albertville;45,66839873;6,404603386;20385;38680;17,77530991;1147;2176;19;72;scattered clouds;9;0;831671;1;9630079
73065;73000;Chambéry;73000-Chambéry;45,58318255;5,909033924;61411;650586;21,67115763;2834;30021;17;53;clear sky;47;0;289364;1;2023559
74010;74000;Annecy;74000-Annecy;45,89064326;6,125517736;134738;919857;72,03188812;1871;12770;17;48;clear sky;56;0;575652;1;10732064
74012;74100;Annemasse;74100-Annemasse;46,1909731;6,242507043;38314;0;5,176625636;7401;0;17;42;clear sky;67;1;266989;1;1900000
74281;74200;Thonon-les-Bains;74200-Thonon-les-Bains;46,3704258;6,481943361;38094;45188;17,24048788;2210;2621;12;56;broken clouds;22;1;342054;1;3459494
75056;75001;Paris;75001-Paris;46,91278856;4,639585731;2149216;612340;121,5756332;17678;5037;19;69;broken clouds;351;9;129873252;100;762000000
76217;76200;Dieppe;76200-Dieppe;49,9222504;1,086811684;28813;0;14,67566989;1963;0;16;83;overcast clouds;8;2;250756;1;1785500
76322;76120;Le Grand-Quevilly;76120-Le Grand-Quevilly;49,4093798;1,039992622;26200;0;13,01982609;2012;0;19;68;overcast clouds;11;0;209862;2;2500000
76351;76600;Le Havre;76600-Le Havre;49,4984525;0,140153719;167838;0;67,93698762;2470;0;14;94;overcast clouds;115;2;368030;1;18671338
76451;76130;Mont-Saint-Aignan;76130-Mont-Saint-Aignan;49,46765772;1,081697209;20481;0;9,32220613;2197;0;18;68;overcast clouds;4;1;276085;1000;2399000
76498;76140;Le Petit-Quevilly;76140-Le Petit-Quevilly;49,42381347;1,06033289;22056;0;5,13967969;4291;0;19;68;overcast clouds;18;1;175505;100;994485,06
76540;76000;Rouen;76000-Rouen;49,44134601;1,092567843;115639;4452;25,42837747;4548;175;18;77;overcast clouds;38;1;346119;1;9700000
76575;76800;Saint-Étienne-du-Rouvray;76800-Saint-Étienne-du-Rouvray;49,38149444;1,089768929;28733;0;21,4896811;1337;0;19;68;overcast clouds;11;0;220927;1;6342000
76681;76300;Sotteville-lès-Rouen;76300-Sotteville-lès-Rouen;49,41048874;1,095099465;29440;0;8,730049518;3372;0;19;68;overcast clouds;24;1;236640;1;1060000
77058;77600;Bussy-Saint-Georges;77600-Bussy-Saint-Georges;48,83082693;2,722501424;26902;9291;17,58234027;1530;528;18;74;overcast clouds;0;0;486287;1;21018904
77083;77420;Champs-sur-Marne;77420-Champs-sur-Marne;48,84833117;2,596103255;25845;0;8,980347571;2878;0;18;74;overcast clouds;5;0;369673;6000;28100000
77108;77500;Chelles;77500-Chelles;48,88396297;2,596864486;54605;0;18,57328819;2940;0;18;74;overcast clouds;46;1;357526;1;4777000
77122;77380;Combs-la-Ville;77380-Combs-la-Ville;48,65790863;2,575169163;22389;0;16,64040157;1345;0;18;70;few clouds;12;0;235497;1;675000
77152;77190;Dammarie-les-Lys;77190-Dammarie-les-Lys;48,51383387;2,628543743;22976;0;11,69093452;1965;0;18;72;few clouds;1;0;248235;1931;2173534
77243;77400;Lagny-sur-Marne;77400-Lagny-sur-Marne;48,87307019;2,709780813;21384;0;6,729026265;3178;0;18;74;overcast clouds;1;0;591179;1;10861859
77284;77100;Meaux;77100-Meaux;48,95706257;2,900030972;56063;0;17,6282616;3180;0;19;84;overcast clouds;1;0;1287616;1;104580000
77285;77350;Le Mée-sur-Seine;77350-Le Mée-sur-Seine;48,53945885;2,629024827;20349;0;6,356238352;3201;0;18;72;few clouds;1;0;239359;1;3955000
77288;77000;Melun;77000-Melun;48,54447236;2,657958219;42614;0;9,145552939;4660;0;19;63;overcast clouds;2;0;242199;1;6814079
77294;77290;Mitry-Mory;77290-Mitry-Mory;48,97794502;2,612444658;20721;0;34,70468704;597;0;18;81;overcast clouds;2;0;400577;1;10080000
77305;77130;Montereau-Fault-Yonne;77130-Montereau-Fault-Yonne;48,38988309;2,961554797;22452;0;10,28371011;2183;0;18;81;overcast clouds;5;0;203513;1;5814000
77350;77330;Ozoir-la-Ferrière;77330-Ozoir-la-Ferrière;48,76356124;2,679625082;20887;149188;18,02292883;1159;8278;18;73;few clouds;22;0;356688;9500;3000000
77373;77340;Pontault-Combault;77340-Pontault-Combault;48,78714117;2,61407437;38470;33572;15,69863562;2451;2139;19;63;broken clouds;50;1;287498;1;3300000
77390;77680;Roissy-en-Brie;77680-Roissy-en-Brie;48,79008554;2,661224158;23180;1269906;15,79104299;1468;80419;18;74;overcast clouds;7;0;288009;200;870000
77445;77176;Savigny-le-Temple;77176-Savigny-le-Temple;48,58847858;2,573738613;30750;0;13,78202549;2231;0;18;72;few clouds;11;0;215949;1;1700000
77468;77200;Torcy;77200-Torcy;48,85325535;2,651232274;22566;0;7,064038742;3194;0;18;74;overcast clouds;8;0;263554;1;1657600
77514;77270;Villeparisis;77270-Villeparisis;48,94199819;2,61700201;26928;0;9,597549775;2806;0;18;80;overcast clouds;1;0;199074;210;441750
78005;78260;Achères;78260-Achères;48,97179909;2,090038718;21505;5446;11,05175114;1946;493;18;72;overcast clouds;9;0;240842;2375;1700000
78126;78170;La Celle-Saint-Cloud;78170-La Celle-Saint-Cloud;48,84694871;2,135191262;20878;0;6,718146807;3108;0;17;72;broken clouds;1;0;386064;2500;2078160
78146;78400;Chatou;78400-Chatou;48,89655746;2,153934583;30135;0;5,86051025;5142;0;18;72;broken clouds;1;0;539848;6000;2887555
78158;78150;Le Chesnay-Rocquencourt;78150-Le Chesnay-Rocquencourt;48,82723977;2,130149082;31547;0;4,963678783;6356;0;18;71;broken clouds;2;0;499758;1;3570000
78172;78700;Conflans-Sainte-Honorine;78700-Conflans-Sainte-Honorine;49,00010078;2,099071905;36341;0;11,5164561;3156;0;18;71;clear sky;14;0;333075;230;19680178
78208;78990;Élancourt;78990-Élancourt;48,77815965;1,960498985;26319;0;10,6847001;2463;0;17;76;broken clouds;2;0;507575;1500;7858548
78297;78280;Guyancourt;78280-Guyancourt;48,77307839;2,076052077;29891;168480;15,25636793;1959;11043;17;74;broken clouds;3;0;298355;6000;1460000
78311;78800;Houilles;78800-Houilles;48,92657814;2,187464026;33770;0;5,196192148;6499;0;18;72;broken clouds;11;0;365381;100;1617429
78358;78600;Maisons-Laffitte;78600-Maisons-Laffitte;48,9523369;2,151615949;23548;0;8,041746951;2928;0;18;70;clear sky;0;1;697996;400;7150000
78361;78200;Mantes-la-Jolie;78200-Mantes-la-Jolie;48,99816654;1,693378068;44724;0;11,01193258;4061;0;18;87;overcast clouds;2;0;226992;1;4757016
78362;78711;Mantes-la-Ville;78711-Mantes-la-Ville;48,97479394;1,712055718;21565;0;7,238732775;2979;0;18;74;overcast clouds;0;0;2972373;1000;10693873
78423;78180;Montigny-le-Bretonneux;78180-Montigny-le-Bretonneux;48,77965878;2,029521945;32252;2423;12,40009456;2601;195;17;74;broken clouds;5;0;971715;5000;42288000
78440;78130;Les Mureaux;78130-Les Mureaux;48,98880411;1,913634489;34142;0;14,3603208;2378;0;18;71;clear sky;6;0;295625;1300;1361905
78490;78370;Plaisir;78370-Plaisir;48,81260823;1,946985157;31716;0;20,30848726;1562;0;18;75;broken clouds;5;0;333991;1;6000000
78498;78300;Poissy;78300-Poissy;48,92353594;2,027155528;40312;29104;14,93589856;2699;1949;18;72;clear sky;15;1;434824;3400;6400000
78517;78120;Rambouillet;78120-Rambouillet;48,6539052;1,826528719;27344;15042781;41,11814231;665;365843;17;79;overcast clouds;7;0;665171;1;16980000
78545;78210;Saint-Cyr-l'École;78210-Saint-Cyr-l'École;48,80657593;2,06592507;21548;0;5,87966662;3665;0;17;73;broken clouds;1;0;1177041;1;17290000
78551;78100;Saint-Germain-en-Laye;78100-Saint-Germain-en-Laye;48,94070414;2,098709294;46104;653940;57,20963888;806;11431;18;72;broken clouds;143;1;716724;1;4527800
78586;78500;Sartrouville;78500-Sartrouville;48,93960855;2,174586865;51617;0;9,784223473;5276;0;18;70;broken clouds;4;0;327471;5000;2500000
78621;78190;Trappes;78190-Trappes;48,77500196;1,993440143;33813;115560;15,73711881;2149;7343;17;75;broken clouds;2;0;235330;1;3200000
78640;78140;Vélizy-Villacoublay;78140-Vélizy-Villacoublay;48,78398582;2,197074855;22914;22158;10,35623036;2213;2140;17;70;broken clouds;17;0;5401347;1;9980000
78646;78000;Versailles;78000-Versailles;48,80256697;2,117892972;85407;260784;30,04118591;2843;8681;17;70;broken clouds;39;0;914638;1;94750000
79049;79300;Bressuire;79300-Bressuire;46,85457557;-0,479375922;20837;0;194,8835357;107;0;17;83;overcast clouds;2;0;135703;1;1490000
79191;79000;Niort;79000-Niort;46,32826024;-0,465353019;61158;0;71,80962083;852;0;18;82;overcast clouds;47;0;265834;1;2350000
80001;80100;Abbeville;80100-Abbeville;50,10835829;1,832091702;23001;0;32,03553859;718;0;15;89;overcast clouds;2;0;178162;1;4234800
80021;80000;Amiens;80000-Amiens;49,90095322;2,290074455;136265;0;60,61681696;2248;0;15;85;overcast clouds;5;2;258260;1;14280000
81004;81000;Albi;81000-Albi;43,92582136;2,146863286;51317;12782;43,39117697;1183;295;19;75;broken clouds;12;0;228465;1;4049760
81065;81100;Castres;81100-Castres;43,61565112;2,237872316;44061;0;94,13638417;468;0;18;50;clear sky;62;2;208990;1;770000
82121;82000;Montauban;82000-Montauban;44,02225946;1,364086365;63382;7888;131,5064308;482;60;18;69;overcast clouds;21;5;216884;1;1225000
83050;83300;Draguignan;83300-Draguignan;43,53575133;6,454365692;40638;1308480;51,36197707;791;25476;22;46;clear sky;50;1;7377144;1;20400000
83061;83370;Fréjus;83370-Fréjus;43,47195581;6,763615974;57937;2983995;99,64184348;581;29947;22;61;clear sky;11;0;1139024;10000;16900000
83062;83130;La Garde;83130-La Garde;43,12632794;6,018981647;26197;0;14,82094273;1768;0;20;52;clear sky;3;0;450446;1;16584120
83069;83400;Hyères;83400-Hyères;43,10187135;6,188985085;55990;10308675;124,894636;448;82539;20;45;clear sky;5;0;361152;1;4250000
83118;83530;Saint-Raphaël;83530-Saint-Raphaël;43,45746254;6,847342104;36548;19457367;86,37461029;423;225267;25;36;clear sky;4;0;577196;6100;2850000
83126;83500;La Seyne-sur-Mer;83500-La Seyne-sur-Mer;43,0880295;5,870898418;63494;0;22,03791041;2881;0;20;57;clear sky;34;0;363777;1;11000000
83129;83140;Six-Fours-les-Plages;83140-Six-Fours-les-Plages;43,0868186;5,829244649;36716;220904;25,0598691;1465;8815;19;57;clear sky;7;0;367341;1;2450000
83137;83000;Toulon;83000-Toulon;43,13615897;5,932396342;182244;683705;41,33830246;4409;16539;20;54;clear sky;12;1;419727;1;50399360
83144;83160;La Valette-du-Var;83160-La Valette-du-Var;43,1499152;5,992225389;24200;0;14,45394373;1674;0;19;53;clear sky;14;0;327402;1;4860000
84007;84000;Avignon;84000-Avignon;43,93524483;4,840715725;91878;15142;62,59116643;1468;242;18;47;clear sky;42;1;232531;1;3208136
84031;84200;Carpentras;84200-Carpentras;44,05938026;5,061348448;31459;13632;36,63259695;859;372;17;62;clear sky;4;0;200625;1;1130340
84035;84300;Cavaillon;84300-Cavaillon;43,85083618;5,036063009;26298;0;44,15361085;596;0;19;45;clear sky;3;0;1237074;1;5885570
84054;84800;L'Isle-sur-la-Sorgue;84800-L'Isle-sur-la-Sorgue;43,91339759;5,056642775;20467;0;43,02126662;476;0;18;45;clear sky;8;0;401831;1;1507500
84087;84100;Orange;84100-Orange;44,12891354;4,80987924;29545;6850;72,2738311;409;95;21;65;clear sky;273;0;269708;1;1344420
84089;84120;Pertuis;84120-Pertuis;43,68723575;5,520524803;20289;0;56,62606312;358;0;21;52;clear sky;31;0;396295;1;4302018
85047;85300;Challans;85300-Challans;46,83544167;-1,840366831;23257;0;70,02658973;332;0;19;78;broken clouds;7;0;181236;1;1237500
85146;85600;Montaigu-Vendée;85600-Montaigu-Vendée;46,97598009;-1,313645303;21241;0;3,279069337;6478;0;19;80;overcast clouds;1;0;214350;1;3000000
85191;85000;La Roche-sur-Yon;85000-La Roche-sur-Yon;46,66752616;-1,407795409;57824;0;93,38957552;619;0;17;82;overcast clouds;2;0;223465;1;2707910,8
85194;85100;Les Sables-d'Olonne;85100-Les Sables-d'Olonne;46,50076128;-1,792551287;49766;0;9,312851843;5344;0;18;78;broken clouds;7;0;312898;1;3172257,8
86066;86100;Châtellerault;86100-Châtellerault;46,81567002;0,552598977;31989;0;55,34913304;578;0;19;77;overcast clouds;6;0;204204;1;1729121
86194;86000;Poitiers;86000-Poitiers;46,58392077;0,359947653;92513;18678;44,97416858;2057;415;19;63;clear sky;26;1;165897;1;1900000
87085;87000;Limoges;87000-Limoges;45,85425496;1,248757902;131770;0;82,21769535;1603;0;16;67;overcast clouds;19;1;163768;500;3900000
88160;88000;Épinal;88000-Épinal;48,16312027;6,479892869;33633;352456;66,90552259;503;5268;15;67;overcast clouds;11;3;170493;1;2090000
89024;89000;Auxerre;89000-Auxerre;47,79348823;3,581682818;35910;19548;55,11515497;652;355;15;78;overcast clouds;7;0;200981;1;3000000
89387;89100;Sens;89100-Sens;48,1956727;3,297933326;27552;0;24,62470216;1119;0;15;85;overcast clouds;11;1;181026;1;735000
90010;90000;Belfort;90000-Belfort;47,64715394;6,845412062;45907;40440;18,97422841;2419;2131;16;74;overcast clouds;4;0;168182;1;1380000
91027;91200;Athis-Mons;91200-Athis-Mons;48,70924458;2,386604923;36527;0;9,891355895;3693;0;18;70;broken clouds;3;0;705181;1;10900000
91103;91220;Brétigny-sur-Orge;91220-Brétigny-sur-Orge;48,60251134;2,302162323;27469;14100;16,70734516;1644;844;18;71;broken clouds;57;0;340501;1;4569936
91114;91800;Brunoy;91800-Brunoy;48,69643963;2,503947533;25840;0;7,572730913;3412;0;18;70;broken clouds;7;0;254029;1000;800000
91161;91380;Chilly-Mazarin;91380-Chilly-Mazarin;48,70776631;2,311112233;20053;0;6,511807043;3079;0;18;70;broken clouds;3;0;183497;5200;500000
91174;91100;Corbeil-Essonnes;91100-Corbeil-Essonnes;48,60348093;2,46934079;52957;0;12,61724077;4197;0;18;70;few clouds;3;0;292914;1;3840000
91201;91210;Draveil;91210-Draveil;48,67784138;2,421978019;29413;166054;18,26842032;1610;9090;18;70;broken clouds;5;1;290792;1;870000
91223;91150;Étampes;91150-Étampes;48,42112823;2,138388817;26721;0;52,17511189;512;0;18;78;overcast clouds;8;0;2054036;100;13257137
91228;91000;Évry-Courcouronnes;91000-Évry-Courcouronnes;48,62948317;2,440082445;66517;0;9,791836383;6793;0;18;69;broken clouds;1;0;577919;1;3520000
91272;91190;Gif-sur-Yvette;91190-Gif-sur-Yvette;48,69882736;2,12788365;22913;19761;13,62199283;1682;1451;17;73;broken clouds;5;0;1701788;1;10400000
91286;91350;Grigny;91350-Grigny;48,65688961;2,387896479;27337;6654;5,749798312;4754;1157;18;70;broken clouds;0;0;640531;8000;3035000
91345;91160;Longjumeau;91160-Longjumeau;48,6900488;2,302470567;20750;0;5,555049846;3735;0;18;71;broken clouds;0;0;379493;1;10600000
91377;91300;Massy;91300-Massy;48,72778964;2,275131319;51307;0;10,78171666;4759;0;18;70;broken clouds;6;0;830387;1;10600000
91421;91230;Montgeron;91230-Montgeron;48,69515318;2,462498818;24074;182272;12,81890372;1878;14219;18;69;broken clouds;3;0;390150;1;2000000
91434;91390;Morsang-sur-Orge;91390-Morsang-sur-Orge;48,65628552;2,350887397;20954;0;5,004403147;4187;0;18;70;broken clouds;2;0;289890;1;1070000
91477;91120;Palaiseau;91120-Palaiseau;48,71467659;2,228814881;35195;0;13,43648661;2619;0;18;71;broken clouds;4;0;466806;5000;10600000
91521;91130;Ris-Orangis;91130-Ris-Orangis;48,64519392;2,407936318;30017;0;9,596244516;3128;0;18;69;broken clouds;2;0;497445;1;3350150,8
91549;91700;Sainte-Geneviève-des-Bois;91700-Sainte-Geneviève-des-Bois;48,64125238;2,330194179;36143;45810;10,73350714;3367;4268;18;71;broken clouds;34;1;884399;1;32436724
91570;91240;Saint-Michel-sur-Orge;91240-Saint-Michel-sur-Orge;48,6320496;2,311702778;21585;14910;6,061628693;3561;2460;18;71;broken clouds;1;0;325985;4650;20000000
91589;91600;Savigny-sur-Orge;91600-Savigny-sur-Orge;48,68422839;2,348738622;37631;33269;8,05312817;4673;4131;18;70;broken clouds;0;0;1208837;1;7306778,5
91657;91270;Vigneux-sur-Seine;91270-Vigneux-sur-Seine;48,70374454;2,427932038;31181;0;10,29438256;3029;0;18;70;broken clouds;4;0;347045;10000;1750000
91687;91170;Viry-Châtillon;91170-Viry-Châtillon;48,66961689;2,373743576;31245;0;7,047818893;4433;0;18;70;broken clouds;3;0;218794;4000;615000
91691;91330;Yerres;91330-Yerres;48,71572107;2,492730203;28951;2554;11,40529304;2538;224;18;69;broken clouds;4;1;275064;1;2250000
91692;91940;Les Ulis;91940-Les Ulis;48,68032148;2,18518955;25375;0;6,170728675;4112;0;17;71;broken clouds;9;0;371841;2800;8800000
92002;92160;Antony;92160-Antony;48,75034126;2,29932681;63991;0;11,04193403;5795;0;18;70;broken clouds;7;1;2187857;1;18535550
92004;92600;Asnières-sur-Seine;92600-Asnières-sur-Seine;48,91535301;2,288038466;90359;0;5,571762073;16217;0;19;70;broken clouds;24;0;861159;100;38000000
92007;92220;Bagneux;92220-Bagneux;48,79832299;2,309899952;43874;2079;4,779565666;9179;435;18;70;broken clouds;0;0;375019;1970,46;5147719
92009;92270;Bois-Colombes;92270-Bois-Colombes;48,91533684;2,267385526;30029;0;2,253798851;13324;0;18;71;broken clouds;4;0;450312;14000;2700000
92012;92100;Boulogne-Billancourt;92100-Boulogne-Billancourt;48,83658431;2,239135991;120954;0;7,084597779;17073;0;18;70;broken clouds;15;0;844839;1;228000000
92014;92340;Bourg-la-Reine;92340-Bourg-la-Reine;48,77990736;2,316430108;21116;0;2,145360956;9843;0;18;70;broken clouds;6;0;411415;4000;1775000
92019;92290;Châtenay-Malabry;92290-Châtenay-Malabry;48,76816902;2,262825985;35294;106536;7,335430779;4811;14523;18;70;broken clouds;2;0;516995;1,2;3524108,2
92020;92320;Châtillon;92320-Châtillon;48,80340918;2,287991319;37068;11384;3,380440268;10965;3368;18;70;broken clouds;2;0;412113;500;1500000
92022;92370;Chaville;92370-Chaville;48,80760836;2,192340611;20284;7866;4,08595354;4964;1925;18;70;broken clouds;10;0;3020256;1;9002675
92023;92140;Clamart;92140-Clamart;48,79643068;2,254746529;55019;172061;10,09400278;5451;17046;18;68;broken clouds;7;1;1523023;1;16400000
92024;92110;Clichy;92110-Clichy;48,90353591;2,305752305;65095;0;3,558280484;18294;0;18;70;broken clouds;1;0;2818367;1;67996000
92025;92700;Colombes;92700-Colombes;48,92251791;2,246751606;89421;0;9,036863139;9895;0;18;71;broken clouds;6;1;809624;1000;12289266
92026;92400;Courbevoie;92400-Courbevoie;48,89845048;2,255705873;82145;0;4,826721443;17019;0;18;70;broken clouds;12;0;3513357;1;82500000
92032;92260;Fontenay-aux-Roses;92260-Fontenay-aux-Roses;48,78973013;2,287234936;24968;0;2,916904112;8560;0;18;70;broken clouds;4;0;306765;100;1240000
92035;92250;La Garenne-Colombes;92250-La Garenne-Colombes;48,90675771;2,244646041;30193;0;2,030760244;14868;0;18;71;broken clouds;1;0;521887;10000;4688617
92036;92230;Gennevilliers;92230-Gennevilliers;48,93451905;2,29384988;49647;0;13,453898;3690;0;19;70;broken clouds;5;0;1371767;10000;38000000
92040;92130;Issy-les-Moulineaux;92130-Issy-les-Moulineaux;48,82347434;2,264498233;69282;0;4,886579694;14178;0;18;71;broken clouds;15;0;630111;2700;69480000
92044;92300;Levallois-Perret;92300-Levallois-Perret;48,89507167;2,286882681;68535;0;2,795302353;24518;0;18;71;broken clouds;5;0;2117814;1;85000000
92046;92240;Malakoff;92240-Malakoff;48,8169696;2,296935995;30470;0;2,393530941;12730;0;18;71;broken clouds;4;0;427698;1200;1830000
92048;92190;Meudon;92190-Meudon;48,80372758;2,226962878;47015;247485;11,43689107;4111;21639;18;70;broken clouds;20;1;583294;3000;2645986
92049;92120;Montrouge;92120-Montrouge;48,81530322;2,316489214;47922;0;2,382463872;20114;0;18;71;broken clouds;8;0;647367;1;24500000
92050;92000;Nanterre;92000-Nanterre;48,89607013;2,206713464;97995;0;14,16695314;6917;0;18;71;broken clouds;9;0;3111885;1;139480320
92051;92200;Neuilly-sur-Seine;92200-Neuilly-sur-Seine;48,88537197;2,266425847;60259;0;4,288900813;14050;0;18;70;broken clouds;1;2;2027889;7500;44851260
92060;92350;Le Plessis-Robinson;92350-Le Plessis-Robinson;48,78043836;2,26064286;29390;0;3,948312378;7444;0;18;70;broken clouds;1;1;3276864;3920;84000000
92062;92800;Puteaux;92800-Puteaux;48,8837095;2,238341783;43921;0;3,674874281;11952;0;18;70;broken clouds;20;0;13072361;1;64032852
92063;92500;Rueil-Malmaison;92500-Rueil-Malmaison;48,86918974;2,177340632;79580;115025;16,7543669;4750;6865;18;71;broken clouds;20;0;473205;1;13904609
92064;92210;Saint-Cloud;92210-Saint-Cloud;48,8428741;2,208645703;30252;0;8,689780747;3481;0;18;70;broken clouds;1;1;3023971;1;17023262
92071;92330;Sceaux;92330-Sceaux;48,77681637;2,295294145;20817;0;4,156847759;5008;0;18;70;broken clouds;1;0;2540668;1;11451412
92072;92310;Sèvres;92310-Sèvres;48,82147651;2,210522974;22949;326524;4,564522106;5028;71535;18;70;broken clouds;4;0;538436;1;3704300
92073;92150;Suresnes;92150-Suresnes;48,86984791;2,219655176;49631;0;4,382621564;11325;0;18;70;broken clouds;2;0;795278;1;25240000
92075;92170;Vanves;92170-Vanves;48,82152271;2,287394908;28303;0;1,766562007;16022;0;18;70;broken clouds;1;0;415277;2000;1950100
92078;92390;Villeneuve-la-Garenne;92390-Villeneuve-la-Garenne;48,93640619;2,324489959;25436;0;3,682858398;6907;0;18;71;broken clouds;4;0;454781;1;6800000
93001;93300;Aubervilliers;93300-Aubervilliers;48,91217226;2,384455138;90259;0;6,702426517;13467;0;19;62;scattered clouds;1;0;1742715;2;34450000
93005;93600;Aulnay-sous-Bois;93600-Aulnay-sous-Bois;48,94583844;2,493290417;86522;0;18,71546407;4623;0;18;74;overcast clouds;1;0;485616;1;14075990
93006;93170;Bagnolet;93170-Bagnolet;48,86908363;2,422740967;39493;0;2,958509141;13349;0;18;70;broken clouds;8;0;481627;1;3000000
93007;93150;Le Blanc-Mesnil;93150-Le Blanc-Mesnil;48,93954755;2,461121485;58396;0;9,408190049;6207;0;18;72;overcast clouds;0;0;798885;2;6767605
93008;93000;Bobigny;93000-Bobigny;48,90768824;2,438639827;55191;0;7,811561776;7065;0;18;72;overcast clouds;0;0;173366;7000;2600000
93010;93140;Bondy;93140-Bondy;48,90232345;2,483727694;53067;0;6,349489594;8358;0;18;71;overcast clouds;2;0;1065515;1000;19200000
93014;93390;Clichy-sous-Bois;93390-Clichy-sous-Bois;48,90762851;2,546202227;29806;0;4,606787255;6470;0;18;74;overcast clouds;5;0;1593310;7000;10500000
93027;93120;La Courneuve;93120-La Courneuve;48,93225695;2,399780648;47289;0;8,676091716;5450;0;18;71;overcast clouds;1;0;551548;3;3893028
93029;93700;Drancy;93700-Drancy;48,92342463;2,444926887;71619;0;9,01691751;7943;0;18;72;overcast clouds;0;1;1650451;5000;14745795
93031;93800;Épinay-sur-Seine;93800-Épinay-sur-Seine;48,95501321;2,314530432;53637;0;5,321720262;10079;0;18;71;overcast clouds;6;0;259454;1,2;1386000
93032;93220;Gagny;93220-Gagny;48,88207631;2,544948476;40428;0;8,033358338;5033;0;19;61;scattered clouds;1;0;1195356;10000;7204063
93045;93260;Les Lilas;93260-Les Lilas;48,88192089;2,419667821;23589;0;1,468559785;16063;0;18;70;broken clouds;2;0;500213;1400;2070000
93046;93190;Livry-Gargan;93190-Livry-Gargan;48,91976332;2,534865923;46218;0;8,484239901;5448;0;18;74;overcast clouds;0;0;279465;5500;3900000
93047;93370;Montfermeil;93370-Montfermeil;48,89826167;2,567143548;28100;0;6,265505335;4485;0;18;74;overcast clouds;0;0;618635;7000;2228000
93048;93100;Montreuil;93100-Montreuil;48,86331751;2,448162119;112027;7443;10,27741224;10900;724;18;70;broken clouds;8;0;648252;1;6234721
93049;93360;Neuilly-Plaisance;93360-Neuilly-Plaisance;48,86432879;2,510402499;21538;0;3,966228325;5430;0;18;69;broken clouds;1;0;704895;4000;3450000
93050;93330;Neuilly-sur-Marne;93330-Neuilly-sur-Marne;48,86245786;2,540002888;37639;0;8,082282223;4657;0;18;69;broken clouds;1;0;241716;8500;1000000
93051;93160;Noisy-le-Grand;93160-Noisy-le-Grand;48,83618254;2,564437368;70774;0;15,03699982;4707;0;18;74;overcast clouds;6;0;458754;5000;28100000
93053;93130;Noisy-le-Sec;93130-Noisy-le-Sec;48,89132246;2,459136474;46229;0;5,785485345;7991;0;18;71;overcast clouds;1;0;304569;8000;1265000
93055;93500;Pantin;93500-Pantin;48,89830939;2,408721475;60959;0;5,823060251;10469;0;18;70;broken clouds;11;0;738649;1;24348000
93057;93320;Les Pavillons-sous-Bois;93320-Les Pavillons-sous-Bois;48,90820603;2,502974483;24268;0;3,35118633;7242;0;18;71;overcast clouds;0;0;293896;12000;2931120
93059;93380;Pierrefitte-sur-Seine;93380-Pierrefitte-sur-Seine;48,96098334;2,363281254;32426;0;3,97315686;8161;0;18;71;overcast clouds;1;0;218501;3000;2750000
93063;93230;Romainville;93230-Romainville;48,8852119;2,437678842;33343;0;4,001659687;8332;0;18;70;broken clouds;1;0;796595;10000;6311144,5
93064;93110;Rosny-sous-Bois;93110-Rosny-sous-Bois;48,87457638;2,486340459;45857;0;6,829125051;6715;0;18;69;broken clouds;1;0;286008;700;3143225
93066;93200;Saint-Denis;93200-Saint-Denis;48,92956505;2,359242998;114782;0;14,36350075;7991;0;18;71;broken clouds;7;0;370450;6000;21612800
93070;93400;Saint-Ouen-sur-Seine;93400-Saint-Ouen-sur-Seine;48,90980658;2,332570422;53320;0;4,943995685;10785;0;19;68;broken clouds;0;0;4949112;1;78000000
93071;93270;Sevran;93270-Sevran;48,93860702;2,531240576;52002;0;8,446065836;6157;0;18;74;overcast clouds;0;0;284272;412;2500000
93072;93240;Stains;93240-Stains;48,95677757;2,385449563;40443;0;6,251914265;6469;0;19;62;scattered clouds;0;0;354527;1;9125000
93073;93290;Tremblay-en-France;93290-Tremblay-en-France;48,97843041;2,554685015;37464;0;26,2832725;1425;0;18;79;overcast clouds;0;0;338459;3500;2516490
93077;93250;Villemomble;93250-Villemomble;48,884837;2,50893406;30514;0;4,721100673;6463;0;18;71;overcast clouds;1;0;355789;5000;1450000
93078;93420;Villepinte;93420-Villepinte;48,95902025;2,536306342;38798;0;12,05395768;3219;0;19;56;scattered clouds;0;0;269283;5000;1090000
94002;94140;Alfortville;94140-Alfortville;48,79608439;2,421245932;45195;0;4,260647222;10608;0;19;69;broken clouds;0;0;681342;2500;5721358,5
94003;94110;Arcueil;94110-Arcueil;48,80588036;2,33351025;21671;0;2,712616675;7989;0;18;70;broken clouds;8;0;386375;1;2779000
94016;94230;Cachan;94230-Cachan;48,79161216;2,331533132;30873;0;3,192535156;9670;0;18;70;broken clouds;9;0;434864;100;22000000
94017;94500;Champigny-sur-Marne;94500-Champigny-sur-Marne;48,81725436;2,517098153;78031;0;13,07316968;5969;0;19;69;broken clouds;3;0;321143;1000;2299500
94018;94220;Charenton-le-Pont;94220-Charenton-le-Pont;48,8228085;2,407609155;29628;0;2,117634755;13991;0;18;69;broken clouds;8;0;562665;5000;3450000
94021;94550;Chevilly-Larue;94550-Chevilly-Larue;48,766848;2,353066112;20398;0;4,855765001;4201;0;18;70;broken clouds;3;0;361909;1;1310000
94022;94600;Choisy-le-Roi;94600-Choisy-le-Roi;48,76431512;2,417425182;46336;0;6,218031343;7452;0;18;69;broken clouds;2;0;252986;1000;1300000
94028;94000;Créteil;94000-Créteil;48,78374018;2,454635304;93414;0;13,1844534;7085;0;18;69;broken clouds;7;1;411933;1;4450000
94033;94120;Fontenay-sous-Bois;94120-Fontenay-sous-Bois;48,85110464;2,473954098;52232;0;6,430281951;8123;0;18;69;broken clouds;0;0;539191;500;8800000
94034;94260;Fresnes;94260-Fresnes;48,7571343;2,326128397;28904;1296;4,069226678;7103;318;18;70;broken clouds;3;0;470480;150;10980000
94038;94240;L'Haÿ-les-Roses;94240-L'Haÿ-les-Roses;48,77632078;2,337729156;31603;0;4,482026887;7051;0;18;70;broken clouds;4;0;354751;1;2500000
94041;94200;Ivry-sur-Seine;94200-Ivry-sur-Seine;48,81280638;2,387780236;64236;0;7,067649571;9089;0;19;67;broken clouds;9;0;927445;4000;51681136
94042;94340;Joinville-le-Pont;94340-Joinville-le-Pont;48,81936832;2,470449778;20567;0;2,577405164;7980;0;18;69;broken clouds;2;0;493652;1;2350000
94043;94270;Le Kremlin-Bicêtre;94270-Le Kremlin-Bicêtre;48,8092201;2,356579652;24492;0;1,761191788;13906;0;18;70;broken clouds;1;1;476468;7500;6000000
94044;94450;Limeil-Brévannes;94450-Limeil-Brévannes;48,74503578;2,489361844;28104;0;8,014209432;3507;0;18;69;broken clouds;0;0;254477;8000;900000
94046;94700;Maisons-Alfort;94700-Maisons-Alfort;48,80639233;2,438182489;58355;0;6,173006618;9453;0;18;69;broken clouds;1;0;389337;5000;2450000
94052;94130;Nogent-sur-Marne;94130-Nogent-sur-Marne;48,83666347;2,481667415;33718;0;3,239421762;10409;0;18;69;broken clouds;9;0;509634;2000;2640000
94054;94310;Orly;94310-Orly;48,74293201;2,39468297;24657;0;7,658790827;3219;0;19;69;broken clouds;1;0;459836;14000;17227426
94058;94170;Le Perreux-sur-Marne;94170-Le Perreux-sur-Marne;48,84239524;2,504068486;34511;0;4,583156365;7530;0;18;69;broken clouds;14;0;478028;1;2000000
94059;94420;Le Plessis-Trévise;94420-Le Plessis-Trévise;48,80601546;2,576198469;20327;0;4,989042517;4074;0;18;69;broken clouds;1;0;248694;8500;800000
94067;94160;Saint-Mandé;94160-Saint-Mandé;48,84244024;2,419219109;21377;5220;1,040849676;20538;5015;18;69;broken clouds;4;0;1393790;4000;8731450
94068;94100;Saint-Maur-des-Fossés;94100-Saint-Maur-des-Fossés;48,79906778;2,493864505;76303;0;12,92202005;5905;0;18;69;broken clouds;23;0;1588769;5000;15858515
94071;94370;Sucy-en-Brie;94370-Sucy-en-Brie;48,76564566;2,53305608;27926;207415;11,94871753;2337;17359;18;69;broken clouds;1;0;395257;1;1280000
94073;94320;Thiais;94320-Thiais;48,76078419;2,385377295;31300;0;7,429963976;4213;0;18;70;broken clouds;10;0;429798;1;2600000
94076;94800;Villejuif;94800-Villejuif;48,79285473;2,360061032;57995;0;6,127683604;9464;0;18;69;broken clouds;2;2;400738;700;3120000
94077;94290;Villeneuve-le-Roi;94290-Villeneuve-le-Roi;48,73209146;2,410374201;21211;0;9,735853913;2179;0;18;70;broken clouds;5;0;276468;1;2370000
94078;94190;Villeneuve-Saint-Georges;94190-Villeneuve-Saint-Georges;48,74138096;2,448998846;35596;0;9,282951541;3835;0;18;69;broken clouds;1;1;324448;4000;3250000
94079;94350;Villiers-sur-Marne;94350-Villiers-sur-Marne;48,82595862;2,545204833;30818;0;5,008392417;6153;0;18;69;broken clouds;2;0;333141;2800;1250000
94080;94300;Vincennes;94300-Vincennes;48,8473732;2,437986507;49256;0;2,210487552;22283;0;18;70;broken clouds;6;0;1500162;100;13100000
94081;94400;Vitry-sur-Seine;94400-Vitry-sur-Seine;48,78828283;2,394126805;96706;0;13,42420551;7204;0;19;67;broken clouds;1;0;328483;1,2;10332000
95018;95100;Argenteuil;95100-Argenteuil;48,95113446;2,24104095;107667;0;20,187643;5333;0;18;72;broken clouds;11;1;403335;1;16200000
95063;95870;Bezons;95870-Bezons;48,92598101;2,211333878;32122;0;4,835409422;6643;0;18;72;broken clouds;6;0;691726;1;12000000
95127;95000;Cergy;95000-Cergy;49,04011316;2,050821237;68778;0;16,85792299;4080;0;18;71;overcast clouds;2;0;1290564;1;5671549
95176;95240;Cormeilles-en-Parisis;95240-Cormeilles-en-Parisis;48,96822497;2,199213495;26985;0;9,860429618;2737;0;18;71;clear sky;7;0;391595;1;2921349
95197;95170;Deuil-la-Barre;95170-Deuil-la-Barre;48,97126902;2,326162901;22705;0;4,323227713;5252;0;18;71;overcast clouds;2;0;275842;2750;892000
95203;95600;Eaubonne;95600-Eaubonne;48,99099402;2,278009255;25670;0;5,100576171;5033;0;18;72;overcast clouds;8;0;402225;200;1850000
95219;95120;Ermont;95120-Ermont;48,98824217;2,256624437;29205;0;4,882266993;5982;0;18;71;clear sky;21;0;417736;8000;3800000
95252;95130;Franconville;95130-Franconville;48,98841611;2,223893206;37661;0;7,229475903;5209;0;18;68;clear sky;4;0;2075043;1;16591000
95268;95140;Garges-lès-Gonesse;95140-Garges-lès-Gonesse;48,97012313;2,405340385;42924;0;6,307780602;6805;0;18;71;overcast clouds;1;0;169050;1;1090000
95277;95500;Gonesse;95500-Gonesse;48,9864903;2,456989963;26077;0;23,55235635;1107;0;18;74;overcast clouds;6;1;347092;700;3292683
95280;95190;Goussainville;95190-Goussainville;49,02434302;2,466198489;30834;0;13,30886445;2317;0;19;64;scattered clouds;0;0;251182;2240;3000000
95306;95220;Herblay-sur-Seine;95220-Herblay-sur-Seine;49,00070028;2,149676808;31873;0;14,65961462;2174;0;18;72;clear sky;24;0;446971;1;38490000
95424;95370;Montigny-lès-Cormeilles;95370-Montigny-lès-Cormeilles;48,99380356;2,19351793;22720;0;4,694545107;4840;0;18;72;clear sky;30;0;299798;2000;800000
95428;95160;Montmorency;95160-Montmorency;48,99186434;2,321197978;22114;0;6,064933734;3646;0;18;72;overcast clouds;1;0;287697;1;1168250
95500;95000;Pontoise;95000-Pontoise;49,05137379;2,094879289;31806;0;8,34026524;3814;0;18;72;clear sky;5;0;1290564;1;5671549
95555;95210;Saint-Gratien;95210-Saint-Gratien;48,96897249;2,285180034;20983;0;3,18758753;6583;0;18;68;overcast clouds;3;0;256142;4000;1369870
95572;95310;Saint-Ouen-l'Aumône;95310-Saint-Ouen-l'Aumône;49,04416835;2,128613037;25130;0;16,24662154;1547;0;18;72;clear sky;2;0;258883;1;3990000
95582;95110;Sannois;95110-Sannois;48,97177731;2,252995141;27116;0;5,494181601;4935;0;18;72;overcast clouds;0;0;267012;6000;762000
95585;95200;Sarcelles;95200-Sarcelles;48,99022504;2,381602727;58664;0;9,711780592;6040;0;18;76;overcast clouds;2;0;656837;1;4271058
95607;95150;Taverny;95150-Taverny;49,02673162;2,221160672;27196;57204;12,10675494;2246;4725;18;72;clear sky;4;0;308224;2000;5160000
95680;95400;Villiers-le-Bel;95400-Villiers-le-Bel;49,00844942;2,40385604;28954;0;8,496823189;3408;0;18;74;overcast clouds;0;0;296889;2600;6532537
